key	FR	EN	DE
langcode	fr	en	de
Type of test:	Type de test :	Type of test:	Art des Tests:
Test page name: 	Nom de la page de test : 	Test page name: 	Testseiten-Name: 
Test page code: 	Code de la page de test : 	Test page code: 	Testseiten-Code: 
tests	tests	tests	Tests
test	test	test	Test
test takers	participants	test takers	Teilnehmer
Monitoring	Suivi d’activités	Monitoring	Überwachung
activity tracker	activités	activity tracker	Aktivitäten
test results	résultats du test	test results	Testergebnisse
Version	version	Version	Version
Please make a choice from the menu	Veuillez faire un choix dans le menu	Please make a choice from the menu	Bitte treffen Sie eine Auswahl im Menü
please wait	Veuillez patienter…	please wait ...	Bitte warten...
Media Library	médiathèque	Media Library	Medienbibliothek
Upload	télécharger	Upload	Hochladen
preview:	Aperçu :	preview:	Vorschau:
Select a file	Sélectionnez un fichier	Select a file	Datei auswählen
nothing_selected	Rien n’est sélectionné… rien n’est copié dans le presse-papier !	Nothing selected ... nothing copied to clipboard!	Nichts ausgewählt... nichts in die Zwischenablage kopiert!
folders	Dossiers	folders	Ordner
folder	Dossier	folder	Ordner
copied to clipboard for moving	pour un déplacement, copié(s) dans le presse-papier	copied to clipboard for moving	zum Verschieben in die Zwischenablage kopiert
copied to clipboard for duplication	pour une duplication, copié(s) dans le presse-papier	copied to clipboard for duplication	zum Duplizieren in die Zwischenablage kopiert
action_not_completed	L'opération n'a malheureusement pas pu être effectuée.	Sorry! The action cannot be completed!	Leider konnte der Vorgang nicht beendet werden.
Deletion successful!	Suppression réussie !	Deletion successful!	Löschen erfolgreich.
Name	Nom	Name	Name
You typed :	Vous avez utilisé :	You typed:	Sie benutzten:
Close group	Fermer la groupe	Close group	Gruppe schließen
Close editor	Fermer l'éditeur	Close editor	Editor schließen
Delete language	Supprimer la langue	Delete language	Sprache löschen
code	code	Code	Code
languages	Langues	Languages	Sprachen
Rename folder	Renommer le dossier	Rename folder	Verzeichnis umbenennen
supp_lang	Les langues suivantes sont supportées. Choisissez celle que vous voulez ajouter.	The following languages are supported. Please choose which one you want to add.	Die folgenden Sprachen werden unterstützt. Wählen Sie, welche Sie hinzufügen wollen.
Add new language	Ajouter une langue	Add new language	Sprache hinzufügen
Available pages:	Pages de test disponibles :	Available pages:	Vorhandene Testseiten:
browsing tests	Aperçu	browsing tests	Übersicht
Close test	Fermer le test	Close test	Test schließen
Close Pool-Editor	Fermer le Pool Editor	Close Pool-Editor	Pool Editor schließen
Close Label-Editor	Fermer le Label Editor	Close Label-Editor	Label Editor schließen
Close Variables	Fermer les variables	Close Variables	Variablen schließen
Test Variables	Variables de test	Test Variables	Test Variablen
Create/Edit Testpools	Créer/Modifier Testpools	Create/Edit Testpools	Testpools bearbeiten
Preview test	Aperçu du test	Preview test	Test Vorschau
Tests	Tests	Tests	Tests
Test structure (Linear Test)	Structure du test (Test linéaire)	Test structure (Linear Test)	Teststruktur (Linearer Test)
Testpools	Testpools	Testpools	Testpools
Test structure (Fluid test)	Structure du test (Fluid Test)	Test structure (Fluid test)	Teststruktur (Fuid Test)
Test-Labels	Test-Labels	Test-Labels	Test-Labels
Test-Variables	Variables de test	Test-Variables	Test Variablen
Timer	Minuteur	Timer	Timer
Use timer	Utiliser le minuteur	Use timer	Timer benutzen
Time limit (minutes)	Limit de temps (minutes)	Time limit (minutes)	Zeitlimit(Minuten)
Save results	Sauvegarder les résultats	Save results	Ergebnisse speichern
Limit navigation	Limiter la navigation	Limit navigation	Navigation beschränken
Show score	Afficher le score	Show score	Score anzeigen
Change skin	Modifier le skin	Change skin	Skin ändern
Add testpool	Ajouter le testpool	Add testpool	Testpool hinzufügen
Test page	Page de test	Test page	Testseite
Page group	Groupe	Page group	Gruppe
Reset individual skin overrides	Réinitialiser les paramètres individuels du skin	Reset individual skin overrides	Individuelle Skin Einstellungen zurücksetzen
Add test pages	Ajouter des pages de test	Add test pages	Testseiten hinzufügen
Testpool	testpool	Testpool	Testpool
Pages used	Pages utilisées	Pages used	Seiten genutzt
Pages total	Total de pages	Pages total	Seiten gesamt
pages used	pages utilisées	pages used	Seiten genutzt
pages total	total de pages	pages total	Seiten gesamt
Pool-Editor for fluid test:	Pool Editor pour le Fluid Test:	Pool-Editor for fluid test:	Pool Editor für Fluid Test:
Label-Editor for test:	Label Editor pour le test:	Label-Editor for test:	Label Editor für Test:
Add fluid test blocks	Ajouter les blocs du Fluid test	Add fluid test blocks	Fluid Test Blöcke hinzufügen
Variables for test:	Variables pour le test	Variables for test:	Variablen für Test
test taker recorded.	Participant enregistré	test taker recorded.	Teilnehmer aufgezeichnet
test takers recorded.	Participants enregistrés	test takers recorded.	Teilnehmern aufgezeichnet
Skin Name	Nom du skin	Skin Name	Name des Skins
Please modify string for skin option	Veuillez changer le string pour l'option du skin	Please modify string for skin option	Bitte ändern Sie den String für die Skin Option
Please modify range for skin option	Veuillez changer la domaine pour l'option du skin	Please modify range for skin option	Bitte ändern Sie den Bereich für die Skin Option
Modify string	Modifier le string	Modify string	String ändern
Modify range	Modifier la domaine	Modify range	Bereich ändern
Localized content for variable:	Contenu localisé pour la variable:	Localized content for variable:	Übersetzter Inhalt für Variable:
Edit localization content variables	Modifier les variables pour le contenu localisé	Edit localization content variables	Übersetzungen der Variable bearbeiten
Set fluid block	Fluid Bloc	Set fluid block	Fluid Block
on_fixed_position	En position fixe. Tous les autres fluid blocs se déroulent en ordre aléatoire!	on fixed position! All other fluid blocks will run in random order!	auf feste Position setzen. Alle anderen Fluid Blöcke werden in zufälliger Reihenfolge ausgeführt!
Set fluid block to fixed position	Placer le fluid bloc sur une position fixe	Set fluid block to fixed position	Fluid Block auf feste Position setzen
Do you want to remove the fixed position flag from the fluid block	Voulez-vous enlever la position fixe du fluid bloc suivant : 	Do you want to remove the fixed position flag from the fluid block	Wollen Sie die feste Position für folgenden Fluid Block aufheben: 
Remove fixed position flag from fluid block	Enlever la position fixe	Remove fixed position flag from fluid block	Feste Position aufheben
Edit scripts for:	Modifier les scripts pour:	Edit scripts for:	Skripte bearbeiten für:
Edit scripts	Modifier les scripts	Edit scripts	Skripte bearbeiten
Please enter a name for the new testpool:	Veuillez saisir un nom pour le nouveau testpool:	Please enter a name for the new testpool:	Bitte geben Sie einen Namen für den neuen Testpool ein:
New testpool	Nouveau testpool	New testpool	Neuer Testpool
In order to create a testpool, you have to enter a name with which the testpool can be identified!	Pour créer un testpool, vous devez saisir un nom à l'aide duquel le testpool peut être identifié	In order to create a testpool, you have to enter a name with which the testpool can be identified!	Um einen Testpool anzulegen müssen Sie einen Namen vergeben, mit dem der Testpool identifiziert werden kann.
Are you sure you want to delete the following testpool?	Êtes-vous sûr de vouloir supprimer le testpool suivant?	Are you sure you want to delete the following testpool?	Sind Sie sicher, dass Sie folgenden Testpool löschen wollen?
Delete Testpool?	Supprimer le testpool ?	Delete Testpool?	Testpool löschen?
Please enter a name for the test:	Veuillez saisir un nom pour le test:	Please enter a name for the test:	Bitte geben Sie einen Namen für den Test ein:
In order to create a test, you have to enter a name with which the test can be identified!	Pour créer un test, vous devez saisir un nom à l'aide duquel il peut être identifié	In order to create a test, you have to enter a name with which the test can be identified!	Um einen Test anzulegen müssen Sie einen Namen angeben, mit dem er identifiziert werden kann
WARNING: Recorded data for the chosen tests will also be deleted.	Attention! Les résultats sauvegardés pour ces tests seront aussi supprimés!	WARNING: Recorded data for the chosen tests will also be deleted.	Vorsicht! Ergebnisse, die zu diesen Tests gespeichert wurden werden ebenfalls gelöscht!
Localized content for the new variable:	Le contenu localisé pour la nouvelle variable:	Localized content for the new variable:	Übersetzter Inhalt für die neue Variable:
Create new variable	Créer une nouvelle variable	Create new variable	Neue Variable anlegen
Please enter a new name for the label:	Veuillez saisir un nom pour le label:	Please enter a new name for the label:	Bitte geben Sie einen Namen für das Label ein:
Create Label	Créer un label	Create Label	Label anlegen
Insert code for:	Insérer le code pour:	Insert code for:	Code einfügen für:
Counter current test page : [@counter_total]	Compteur du nombre de page de test : [@counter_total]	Counter of the current test page: [@counter_total]	Counter der aktuellen Testseite: [@counter_total]
Count of pages in the test : [@total_total]	Nombre de pages dans le test : [@total_total]	Count of pages in the test: [@total_total]	Anzahl der Seiten im Test: [@total_total]
Counter of the current test page in the labelgroup : [@counter_labelgroup]	Compteur de page de test actuel dans le groupe de label: [@counter_labelgroup]	Counter of the current test page in the labelgroup: [@counter_labelgroup]	Counter der aktuellen Testseite in der Labelgruppe: [@counter_labelgroup]
Count of test pages in the labelgroup : [@total_labelgroup]	Nombre de pages de test dans le groupe du label: [@total_labelgroup]	Count of test pages in the labelgroup: [@total_labelgroup]	Anzahl der Testseiten in der Labelgruppe: [@total_labelgroup]
The label name	Nom du label	The label name	Der Label Name
already exists. Please use another name!	existe déjà. Veuillez sélectionner un autre nom.	already exists. Please use another name!	existiert bereits. Bitte wählen Sie einen anderen Namen.
Current name for the label:	Nom actuel du label:	Current name for the label:	Aktueller Name des Labels:
Change Label	Changer le label	Change Label	Label ändern
Are you sure you want to reset all skin override settings?	Êtes-vous sûr de vouloir réinitialiser tous les paramètres du skin override?	Are you sure you want to reset all skin override settings?	Sind Sie sicher, dass Sie alle Skin Override Settings zurücksetzen wollen?
Reset Skin Override Settings	Réinitialiser les paramètres du skin override	Reset Skin Override Settings	Skin Override Settings zurücksetzen
Add to selected pool	Ajouter au pool sélectionné	Add to selected pool	Zum ausgewählten Pool hinzufügen
Add to selected pool & close dialog	Ajouter au pool sélectionné et fermer le dialogue.	Add to selected pool & close dialog	Zum ausgewählten Pool hinzufügen und Dialog schließen
Add test pages to testpool structure	Ajouter les pages de test à la structure du testpool	Add test pages to testpool structure	Testseiten zur Testpool-Struktur hinzufügen
Add to test	Ajouter au test	Add to test	Zum Test hinzufügen
Add to test & close	Ajouter au test et fermer	Add to test & close	Zum Test hinzufügen und schließen
Add test pages to test structure	Ajouter des pages de test à la structure du test	Add test pages to test structure	Testseiten zur Test-Struktur hinzufügen
The fluid test	Le fluid test	The fluid test	Der Fluid Test
testpools. Please create testpools first!	Testpools. Veuillez d'abord créer des testpools.	testpools. Please create testpools first!	Testpools. Bitte legen Sie zuerst Testpools an.
Add to fluid test	Ajouter au fluid test	Add to fluid test	Zu Fluid Test hinzufügen
Add fluid block to test:	Ajouter le fluid bloc au test	Add fluid block to test:	Fluid Block zum Test hinzufügen
Please choose a testpool:	Veuillez sélectionner un testpool	Please choose a testpool:	Bitte wählen Sie einen Testpool
Change skin settings for:	Changer les paramètres du skin pour:	Change skin settings for:	Skin Settings ändern für:
Active skin:	Skin actif	Active skin:	Aktiver Skin
Skin override settings	Paramètres du skin override	Skin override settings	Skin Sonderregeln Einstellungen
Current skin settings	Paramètres du skin actuel	Current skin settings	Aktuelle Skin Settings
Current settings test page	Paramètres actuels, page de test	Current settings test page	Aktuelle Settings, Testseite
No override allowed for this option!	Overrides ne sont pas permis pour cette option!	No override allowed for this option!	Für diese Option sind Overrides nicht zulässig!
Current label assigned:	Labels actuellement attribués:	Current label assigned:	Aktuell zugewiesenes Label:
labels found for test	Labels trouvés pour le test:	labels found for test	Labels gefunden für Test
Assign label	Attribuer un label	Assign label	Label zuweisen
Please choose a label:	Veuillez sélectionner un label:	Please choose a label:	Bitte wählen Sie ein Label:
Assign chosen label to:	Attribuer le label sélectionné à:	Assign chosen label to:	Gewähltes Label zuweisen zu:
current test page only	Seulement la page de test actuel	current test page only	Nur aktuelle Testseite
all test pages	Tous les pages de test	all test pages	Alle Testseiten
all test pages with same label	Tous les pages de test avec le même label	all test pages with the same label	Alle Testseiten mit dem selben Label
all test pages with different label	Tous les pages de test avec un label différent	all test pages with a different label	Alle Testseiten mit einem anderen Label
Please select a testpool to show assigned test pages!	Veuillez sélectionner un testpool pour afficher les pages de test attribués !	Please select a testpool to show assigned test pages!	Bitte wählen Sie einen Testpool um zugewiesene Testseiten anzuzeigen!
Please create a testpool first!	Veuillez d'abord créer un testpool	Please create a testpool first!	Bitte erstellen Sie zuerst einen Testpool
 label for your test pages	 label pour vos pages de test	 label for your test pages	 Label für Ihre Testseiten
 labels for your test pages	 labels pour vos pages de test	 labels for your test pages	 Labels für Ihre Testseiten
 variable for your test found	 variable pour votre test trouvée	 variable for your test found	 Variable für Ihren Test gefunden
 variables for your test found	 variables pour votre test trouvées	 variables for your test found	 Variablen für Ihren Test gefunden
 fluid test block in your test	 bloc de fluid test dans votre test	 fluid test block in your test	 Fluid Test Block in Ihrem Test
 fluid test blocks in your test	 blocs de fluid test dans votre test	 fluid test blocks in your test	 Fluid Test Blöcke in Ihrem Test
 test pages in your testpool	 pages de test dans votre testpool	 test pages in your testpool	 Testseiten in Ihrem Testpool
 test page in your testpool	 page de test dans votre testpool	 test page in your testpool	 Testseite in Ihrem Testpool
One or more of the duplicated tests contained deleted testpools. They have not been copied to the new test(s)!	Un ou plusieurs des tests dupliqués contiennent des testpools supprimés. Ils n’ont pas été copiés au(x) nouveau(x) test(s) !	One or more of the duplicated tests contained deleted testpools. They have not been copied to the new test(s)!	Einer oder mehrere der duplizierten Tests enthalten gelöschte Testpools. Sie wurden nicht kopiert.
This page group has no test pages!	Ce groupe de pages n'a pas de pages de test !	This page group has no test pages!	Diese Testseiten-Gruppe enthält keine Testseiten!
has no test pages assigned. Please use the testpool-editor to add test pages to the testpool!	n'a pas de pages de test. Veuillez utiliser l'éditeur de testpool pour ajouter des pages de test au testpool.	has no test pages assigned. Please use the testpool-editor to add test pages to the testpool!	hat keine Testseiten. Benutzen Sie den Testpool Editor, um Testseiten zum Testpool hinzuzufügen.
elements found in testpool	éléments trouvés dans le testpool	elements found in testpool	Elemente gefunden in Testpool
Number of test pages of this testpool to be used?	Nombre de pages de test à utiliser dans ce testpool?	Number of test pages of this testpool to be used?	Anzahl der Testseiten, die in diesem Testpool benutzt werden sollen?
Use test pages in random order or as defined in the testpool?	Utiliser les pages en ordre aléatoire ou comme definé dans le testpool?	Use test pages in random order or as defined in the testpool?	Testseiten in zufälliger Reihenfolge oder wie im Testpool definiert benutzen?
Use all	Utiliser tous	Use all	Alle benutzen
Modified test page	Pages de test modifiés	Modified test pages	Geänderte Testseiten
Notice automatic label change	Remarque: Changement automatique du label	Notice automatic label change	Hinweis: Automatische Label Änderung
Error: Your test time is set to 0 minutes. Please select a correct value!	Erreur: Votre temps de test est fixé à 0 minutes. Veuillez sélectionner une valeur correcte!	Error: Your test time is set to 0 minutes. Please select a correct value!	Fehler: Ihre Testzeit ist auf 0 Minuten gesetzt. Bitte wählen Sie einen korrekten Wert!
Error: No language active. Please select at least one language!	Erreur: Aucune langue activée. Veuillez sélectionner au moins une langue.	Error: No language active. Please select at least one language!	Fehler: Keine Sprache aktiviert. Bitte wählen Sie zumindest eine Sprache.
No issues found in your test content:	Aucune erreur trouvée dans votre contenu de test	No issues found in your test content:	Keine Fehler in Ihren Testinhalten gefunden
All test pages are still in the Content Manager.	Toutes les pages de test sont encore présentes dans le gestionnaire de contenu.	All test pages are still in the Content Manager.	Alle Testseiten sind noch im Content Manager vorhanden
All test pages are not empty and have a content.	Toutes les pages de test disposent d’un contenu.	All test pages are not empty and have a content.	Alle Testseiten haben Inhalt.
All test pages are available in the active language(s).	Toutes les pages de test sont disponibles dans les langues activées	All test pages are available in the active language(s).	Alle Testseiten sind in den aktivierten Sprachen verfügbar
Warning: You have not added any pages to your test yet. Please add test pages!	Avertissement: Vous n'avez pas ajouté de pages à votre test. Veuillez ajouter des pages de test !	Warning: You have not added any pages to your test yet. Please add test pages!	Warnung: Sie haben Ihrem Test keine Seiten hinzugefügt. Bitte fügen Sie Testseiten hinzu!
Error: Test pages have been deleted. Please remove them from your test!	Erreur: Les pages de test ont été supprimées. Veuillez les enlever de votre test.	Error: Test pages have been deleted. Please remove them from your test!	Fehler: Testseiten wurden gelöscht. Bitte entfernen Sie sie aus Ihrem Test
This test page is not available anymore. Please remove it from your test!	Cette page de test n'est plus disponible. Veuillez l'enlever de votre test	This test page is not available anymore. Please remove it from your test!	Diese Testseite ist nicht mehr verfügbar. Bitte entfernen Sie sie aus Ihrem Test
Warning: These pages have no content!	Avertissement: Ces pages n'ont pas de contenu !	Warning: These pages have no content!	Warnung: Diese Seiten haben keinen Inhalt!
This page has no content!	Cette page n'a pas de contenu	This page has no content!	Diese Seite hat keinen Inhalt!
Warning: These pages are not available in all languages of your test!	Avertissement: Ces pages ne sont pas disponibles dans toutes les langues de votre test !	Warning: These pages are not available in all languages of your test!	Warnung: Diese Seiten sind nicht in allen Sprachen Ihres Tests verfügbar!
Missing languages	Langues manquantes	Missing languages	Fehlende Sprachen
This page is not available in all languages of your test!	Cette page n'est pas disponible dans toutes les langues de votre test !	This page is not available in all languages of your test!	Diese Seite ist nicht in allen Sprachen Ihres Tests verfügbar!
New language - Please update label!	Nouvelle langue. Veuillez actualiser le label	New language - Please update label!	Neue Sprache. Bitte aktualisieren Sie das Label
Warning: Labels with missing content!	Avertissement: Labels avec contenu manquant!	Warning: Labels with missing content!	Warnung: Labels mit fehlendem Inhalt!
Plausibility check results - Linear Test	Contrôle de plausibilité - test linéaire	Plausibility check results - Linear Test	Plausibilitätsprüfung linearer Test
Warning: You have not added any fluid testblocks to your test yet!	Avertissment: Vous n'avez pas encore ajouté des blocs de fluid test à votre test!	Warning: You have not added any fluid testblocks to your test yet!	Warnung: Sie haben Ihrem Test noch keine Fuid Testblöcke hinzugefügt!
Warning: One or more of your testpools has deleted test pages!	Avertissement: Un ou plusieurs de vos testpools contiennent des pages de test supprimées !	Warning: One or more of your testpools has deleted test pages!	Warnung: Einer oder mehrere Ihrer Testpools enthält gelöschte Testseiten!
Testpools have been deleted. Please remove the blocks from your test!	Les testpools ont été supprimés. Veuillez enlever les blocs correspondants de votre test!	Testpools have been deleted. Please remove the blocks from your test!	Testpools wurden gelöscht. Bitte entfernen Sie die entsprechenden Blöcke aus Ihrem Test!
The testpool from this fluid block is not available anymore. Please remove this fluid block from your test!	Le testpool de ce fluid bloc n'est plus disponible. Veuillez enlever ce fluid bloc de votre test	The testpool from this fluid block is not available anymore. Please remove this fluid block from your test!	Der Testpool dieses Fluid Blocks ist nicht mehr verfügbar. Bitte entfernen Sie diesen Fluid Block aus Ihrem Test
Warning: These testpools have less pages than selected!	Avertissement: ces testpools ont moins de pages que sélectionnées !	Warning: These testpools have less pages than selected!	Warnung: Diese Testpools haben weniger Testseiten als ausgewählt!
This testpool has pages which are not available in all languages of your test! Languages missing:	Ce testpool contient des pages qui ne sont pas disponibles dans toutes les langues du test. Langues manquantes:	This testpool has pages which are not available in all languages of your test! Languages missing:	Dieser Testpool enthält Testseiten, die nicht in allen Sprachen des Tests verfügbar sind. Fehlende Sprachen:
Plausibility check results - Fluid Test	Résultats du contrôle de plausibilité - fluid test	Plausibility check results - Fluid Test	Plausibilitätsprüfung Ergebnisse - Fluid Test
Warning: You have not added any fluid blocks to your test yet. Please add fluid blocks!	Avertissement: Vous n'avez pas encore ajouté des fluid blocs à votre test. Veuillez ajouter des fluid blocs.	Warning: You have not added any fluid blocks to your test yet. Please add fluid blocks!	Warnung: Sie haben noch keine Fluid Blöcke zu Ihrem Test hinzugefügt. Bitte fügen Sie Fluid Blöcke hinzu.
The testpool has pages with no content. Please check the testpool!	Le testpool contient des pages de test sans contenu. Veuillez vérifier le testpool.	The testpool has pages with no content. Please check the testpool!	Der Testpool enthält Testseiten ohne Inhalt. Bitte überprüfen Sie den Testpool.
The testpool has test pages which do not support every language of your test. Please check the testpool!	Le testpool contient des pages de test qui ne soutiennent pas toutes les langues de votre test. Veuillez vérifier le testpool.	The testpool has test pages which do not support every language of your test. Please check the testpool!	Der Testpool enthält Testseiten, die nicht jede Sprache Ihres Tests unterstützten. Bitte überprüfen Sie den Testpool.
The testpool has deleted test pages. Please check the testpool!	Le testpool contient des pages de test supprimées. Veuillez vérifier le testpool.	The testpool has deleted test pages. Please check the testpool!	Der Testpool enthält gelöschte Testseiten. Bitte überprüfen Sie den Testpool.
Test pages assigned to testpool	Pages de test attribuées au testpool	Test pages assigned to testpool	Dem Testpool zugewiesene Testeiten
browsing test takers (logins)	Aperçu (logins)	browsing test takers (logins)	Übersicht (logins)
Close test taker	Fermer le participant	Close test taker	Teilnehmer schließen
Abort wizard	Annuler l'assistant	Abort wizard	Assistent abbrechen
Create test takers	Créer un participant	Create test takers	Teilnehmer anlegen
Add to selected	Appliquer à la selection	Apply to selected	Auf Auswahl anwenden
Add to selected & close	Appliquer à la selection et fermer	Apply to selected & close	Auf Auswahl anwenden und schließen
Import from file	Importer du fichier	Import from file	Aus Datei importieren
New tt template	Nouveau modèle	New template	Neues Template
New test taker	Nouveau participant	New test taker	Neuer Teilnehmer
New template	Nouveau modèle	New template	Neues Template
Test Takers	Participants	Test Takers	Teilnehmer
Test taker wizard	Assistant de création	Wizard	Assistent
Import from CSV	Importer du CSV	Import from CSV	Von CSV importieren
Export to CSV	Exporter vers CSV	Export to CSV	Nach CSV exportieren
Edit test taker	Editer le participant	Edit test taker	Teilnehmer editieren
Duplicate test taker	Dupliquer le participant	Duplicate test taker	Teilnehmer duplizieren
Override settings	Remplacer paramètres	Special conditions	Sonderregeln
Reset test taker results	Supprimer les résultats	Reset test taker results	Ergebnisse löschen
Results	Résultats	Results	Ergebnisse
Test takers (Logins)	Participants (logins)	Test takers (Logins)	Teilnehmer (Logins)
Meta-tags	Meta Tags	Meta-tags	Meta-Tags
Passwords	Mots de passe	Passwords	Passwörter
passwords	mots de passe	passwords	Passwörter
Tests assigned	Tests attribués	Tests assigned	Zugewiesene Tests
tests assigned	tests attribués	tests assigned	Tests zugewiesen
Please create a password first!	Veuillez d'abord créer un mot de passe !	Please create a password first!	Bitte erstellen Sie zuerst ein Passwort!
No test assigned yet. Click on the Plus-Icon to assign a test!	Pas encore de test attribué. Veuillez cliquer sur l’icon « Plus »  pour attribuer un test.	No test assigned yet. Click on the Plus-Icon to assign a test!	Noch kein Test zugewiesen. Klicken Sie das Plus-Icon um einen Test zuzuweisen.
Assigned Tests	Tests attribués	Assigned Tests	Zugewiesene Tests
Create from CSV	Créer du CSV	Create from CSV	Von CSV erstellen
Please select a csv-file from your local disk.	Veuillez sélectionner un fichier CSV	Please select a csv-file from your local disk.	Bitte wählen Sie eine CSV Datei.
Example CSV-file:	Modèle CSV:	Example CSV-file:	CSV Vorlage:
Download Example	Télécharger le modèle	Download Example	Vorlage herunterladen
Drop CSV-file here!	Déposer le fichier CSV ici	Drop CSV-file here!	CSV Datei hier ablegen
The file you are trying to upload is not a valid CSV-file (comma separated values):	Le fichier que vous essayez de télécharger n'est pas un fichier CSV valide	The file you are trying to upload is not a valid CSV-file (comma separated values):	Die Datei, die Sie hochzuladen versuchen, ist keine gültige CSV Datei:
Add quick random password (6 characters)	Créer un mot de passe aléatoire (6 caractères)	Add quick random password (6 characters)	Zufälliges Passwort (6 Zeichen) erzeugen.
Add password	Ajouter un mot de passe	Add password	Passwort hinzufügen
Reset all tests for selected password	Réinitialiser tous les tests pour le mot de passe sélectionné	Reset all tests for selected password	Alle Tests für das gewählte Passwort zurücksetzen
Assign tests	Attribuer des tests	Assign tests	Tests zuweisen
Add meta tag	Ajouter un meta tag	Add meta tag	Meta-Tag hinzufügen
Meta-Key	Meta-Key	Meta-Key	Meta-Key
Meta-Value	Meta-Value	Meta-Value	Meta-Value
"Test taker wizard - Test takers (Logins) will be created in: """	"Assistant - Participants seront créés dans : """	"Wizard - Test takers (Logins) will be created in: """	"Assistent - Teilnehmer werden angelegt in: """
Add to selected - Add password/tests/meta tags to selected test takers or redefine override settings	Ajouter des mots de passe, tests, meta tags aux participants sélectionnés ou redéfinir les paramètre.	Add passwords/tests/meta tags to selected test takers or redefine override settings	Passwörter, Tests, Meta-Tags zu den ausgewählten Teilnehmern hinzufügen oder Sonderregeln definieren
"Create test takers from CSV-file - Test takers (Logins) will be created in: """	"Créer des participants à partir du fichier CSV - participants (Logins) seront créés dans : """	"Create test takers from CSV-file - Test takers (Logins) will be created in: """	"Teilnehmer von CSV Datei erstellen - Teilnehmer (Logins) werden erstellt in: """
Nothing selected ... nothing copied to clipboard!	Rien selectionné - rien copié dans le presse papier.	Nothing selected ... nothing copied to clipboard!	Nichts ausgewählt - nichts in die Zwischenablage kopiert.
test taker	Participant	test taker	Teilnehmer
Test takers/Logins	Participants/Logins	Test takers/Logins	Teilnehmer/Logins
Example name test taker/login	Exemple pour participant/Login	Example name test taker/login	Muster für Teilnehmer/Login
PREFIX	PREFIXE	PREFIX	PREFIX
Prefix	Préfixe	Prefix	Prefix
COUNTER	COMPTEUR	COUNTER	ZÄHLER
counter	compteur	counter	Zähler
Counter	Compteur	Counter	Zähler
SUFFIX	SUFFIXE	SUFFIX	SUFFIX
Suffix	Suffixe	Suffix	Suffix
at	à	at	bei
test taker name	Nom du participant	test taker name	Teilnehmername
with leading zeros	avec des zéros en tête	with leading zeros	mit führender Null
Auto passwords	Créer automatiquement	Auto create	Automatisch erzeugen
Please note:	Veuillez noter:	Please note:	Bitte beachten:
Automatically created passwords will be alphanumeric, but will not use 0,1,l and no vowels!	Les mots de passe automatiquement créés sont alphanumériques, mais ne contiennent ni 0,1,l, ni des voyelles	Automatically created passwords will be alphanumeric, but will not use 0,1,l and no vowels!	Automatisch erzeugte Passwörter sind alphanumerisch aber beinhalten weder 0,1,l noch Vokale
Characters	Caractères	Characters	Zeichen
PWs per test taker	Mots de passe par participants	PWs per test taker	Passwörter pro Teilnehmer
Same password(s) for each test taker	Même mot de passe pour chaque participant	Same password(s) for each test taker	Gleiches Passwort für jeden Teilnehmer
Delete existing password(s)	Supprimer les mots de passe existants	Delete existing password(s)	Vorhandene Passwörter löschen
Manual passwords	Définir les mots de passe pour tous les participants	Set passwords manually for all test takers	Passwörter für alle Teilnehmer manuell festlegen
Define override settings	Définir une règle spéciale	Define special conditions	Sonderregeln festlegen
Disable Timer	Désactiver le minuteur	Disable Timer	Timer deaktivieren
Additional time (%)	Temps supplémentaire (%)	Additional time (%)	Zusätzliche Zeit (%)
Disable saving	Désactiver la sauvegarde	Disable saving	Speichern deaktivieren
Disable navigation limitation	Désactiver la restriction à la navigation	Disable navigation limitation	Navigationsbeschränkung deaktivieren
Demo Mode	Mode Démo	Demo Mode	Demo Modus
Meta Tags	Meta Tags	Meta Tags	Meta-Tags
Values of existing meta tags with matching keys will be overwritten!	Valeurs des meta tags du même nom seront écrasées!	Values of existing meta tags with matching keys will be overwritten!	Werte von gleichnamigen Meta-Tags werden überschrieben!
Assign meta tags	Attribuer des meta tags	Assign meta tags	Meta-Tags zuweisen
Delete existing meta tag(s)	Supprimer les meta tags existants	Delete existing meta tag(s)	Vorhandene Meta-Tags löschen
Your test takers will be created in folder:	Les participants seront créés dans ce dossier:	Your test takers will be created in folder:	Die Teilnehmer werden in diesem Ordner erstellt:
"The number of testees to be created is set to 1. Are you sure you want to create %@ new test taker in the folder ""%@"" ?"	"Le nombre de participants se comporte à 1. Êtes-vous sûr de vouloir créer %@ participants dans le dossier ""%@""?"	"The number of testees to be created is set to 1. Are you sure you want to create %@ new test taker in the folder ""%@""?"	"Die Anzahl der Teilnehmer beträgt 1. Sind Sie sicher, dass Sie nur %@ Teilnehmer im Ordner ""%@"" erstellen wollen?"
"Are you sure you want to create %@ new test takers in the folder ""%@"" ?"	"Êtes-vous sûr de vouloir créer %@ nouveaux participants dans le dossier ""%@""?"	"Are you sure you want to create %@ new test takers in the folder ""%@""?"	"Sind Sie sicher, dass Sie %@ neue Teilnehmer im Ordner ""%@"" erstellen wollen?"
Are you sure to save the modifications to all your selected test takers/templates?	Êtes-vous sûr de vouloir sauvegarder tous les changements concernant les participants/templates sélectionnés?	Are you sure to save the modifications to all your selected test takers/templates?	Sind Sie sicher, dass Sie alle Änderungen zu den ausgewählten Teilnehmern/Templates speichern wollen?
Add to selected test takers	Ajouter le participant sélectionné	Add to selected test takers	Den ausgewählten Teilnehmern hinzufügen
Save modifications to selected test takers(s)?	Sauvegarder les changements aux participants sélectionnés?	Save modifications to selected test takers(s)?	Änderungen an den ausgewählten Teilnehmern speichern?
invalid_data	"Le fichier ""%@"" ne correspond à aucun ensemble de données connu. Veuillez vérifier si le fichier a des caractères de séparation correctes (, ou ;) et s'il a les noms de colonnes corrects dans la première ligne (testtaker, password, tag, test-id, subfolder), plus les meta tags optionels (metakeyX, metavalueX). Veuillez comparer avec le fichier de modèle de l'application."	"The file ""%@"" does not correspond to a known dataset. Please verify that the file has correct field separators (, or ;) and has the proper key names in the first row (testtaker, password, tag, test-id, subfolder) plus optional meta-tages (metakeyX,metavalueX). Please check the example file in the application."	"Die Datei ""%@"" entspricht keinem bekannten Datensatz. Bitte überprüfen Sie, ob die Datei korrekte Trennzeichen (, oder ;) hat und ob sie die korrekten Spaltennamen in der ersten Zeile hat (testtaker, password, tag, test-id, subfolder), plus optionaler Meta-Tags (metakeyX,metavalueX). Bitte vergleichen Sie mit der Vorlagendatei aus der Anwendung."
ERROR in import-file:	Erreur dans le fichier d'importation:	ERROR in import-file:	Fehler in der Import Datei:
"Keyline field %@ has wrong identifier ""%@"". Expected:""metakey%@"""	"Intitulé de colonne %@ avait le mauvais identifiant ""%@"". Attendu: ""metakey%@"""	"Keyline field %@ has wrong identifier ""%@"". Expected: ""metakey%@"""	"Spaltenkopf %@ haten den falschen Namen ""%@"". Erwartet: ""metakey%@"""
"Keyline field %@ has wrong identifier ""%@"". Expected:""metavalue%@"""	"Intitulé de colonne %@ a le mauvais identifiant ""%@"". Attendu: ""metavalue%@"""	"Keyline field %@ has wrong identifier ""%@"". Expected: ""metavalue%@"""	"Spaltenkopf %@ hat den falschen Namen ""%@"". Erwartet: ""metavalue%@"""
ERROR: line %@ has a different number of fields than the previous lines! Aborting import!	Erreur: Ligne %@ a un différent nombre de colonnes que les précédents! Importation annulée!	ERROR: line %@ has a different number of fields than the previous lines! Aborting import!	Fehler: Zeile %@ hat eine unterschiedlich Anzahl an Spalten als die Vorhergehenden! Import abgebrochen!
line %@ field %@ (Testtaker) is empty. Aborting import!	Ligne %@ Colonne %@ (Testtaker) est vide. Importation annulée!	line %@ field %@ (Testtaker) is empty. Aborting import!	Zeile %@ Spalte %@ (Testtaker) ist leer. Import abgebrochen!
line %@ field %@ has non allowed characters. Valid characters are: Letters & numbers plus ( ){ } [ ] / . _ -	Ligne %@ Colonne %@ contient des caractères non autorisés. Les caractères autorisés sont : lettres, nombres et caractères spéciaux ( ){ } [ ] / . _ -	line %@ field %@ has non allowed characters. Valid characters are: Letters & numbers plus ( ){ } [ ] / . _ -	Zeile %@ Spalte %@ enthält unerlaubte Zeichen. Erlaubte Zeichen sind: Buchstaben und Zahlen plus ( ){ } [ ] / . _ -
"The test taker ""%@"" in line %@ has a different subfolder than the same test taker in another line of the CSV-file."	"Le participant ""%@"" dans la ligne %@ se trouve dans un autre sous dossier que le même participant dans une autre ligne du fichier CSV."	"The test taker ""%@"" in line %@ has a different subfolder than the same test taker in another line of the CSV-file."	"Der Teilnehmer ""%@"" in Zeile %@ befindet sich in einem anderen Unterordner als der selbe Teilnehmer in einer anderen Zeile der CSV Datei."
"The test taker ""%@"" in line %@ has a different set of meta tags than the same test taker in another line of the CSV-file."	"Le participant ""%@"" dans la ligne %@ a un ensemble différent de meta tags que le même participant dans une autre ligne du fichier CSV."	"The test taker ""%@"" in line %@ has a different set of meta tags than the same test taker in another line of the CSV-file."	"Der Teilnehmer ""%@"" in Zeile %@ hat einen unterschiedlichen Satz Meta-Tags als der selbe Teilnehmer in einer anderen Zeile der CSV Datei."
line %@ field %@ only contains \ . Please add at least one test-id or leave the field empty!	Ligne %@ Colonne %@ ne contient que « \ ». Veuillez ajouter au moins un test ID ou laissez le champ vide!	line %@ field %@ only contains \ . Please add at least one test-id or leave the field empty!	Zeile %@ Spalte %@ enthält nur \ . Bitte fügen Sie zumindest inte Test ID hinzu oder lassen Sie das Feld leer!
line %@ field %@ has non allowed characters. Valid characters are: Numbers and the delimiter \ !	Ligne %@ Colonne %@ contient des caractères non autorisés. Les caractères autorisés sont: les nombres et le caractère de séparation « \ »!	line %@ field %@ has non allowed characters. Valid characters are: Numbers and the delimiter  \ !	Zeile %@ Spalte %@ enthält unerlaubte Zeichen. VErlaubte Zeichen sind: Zahlen und das Trennzeichen \ !
line %@ field %@ contains only spaces. Please use valid folder names.	Ligne %@ Colonne %@ ne contient que des espaces. Veuillez utiliser des noms de dossier valables.	line %@ field %@ contains only spaces. Please use valid folder names.	Zeile %@ Spalte %@ enthält nur Leerzeichen. Bitte benutzen Sie gültige Ordnernamen.
line %@ field %@ has at least two folder separators (\) consecutive.	Ligne %@ Colonne %@ contient au moins deux caractères de séparation de dossier (\) consécutifs.	line %@ field %@ has at least two folder separators (\) consecutive.	Zeile %@ Spalte %@ enthält zumindest zwei aufeinanderfolgende Ordner Trennzeichen (\\).
line %@ field %@ contains a folder path with too many levels. Please use maximum 15 subfolder levels.	Ligne %@ Colonne %@ contient un chemin de dossier avec trop de niveaux. Veuillez utiliser au maximum 15 niveaux de sous-dossiers.	line %@ field %@ contains a folder path with too many levels. Please use maximum 15 subfolder levels.	Zeile %@ Spalte %@ enthält einen Ordnerpfad mit zu vielen Ebenen. Bitte verwenden Sie maximal 15 Unterordnerebenen.
The data from your file	Les données de votre fichier	The data from your file	Die Daten aus Ihrer Datei
is ready to be imported. 1 headerline and	sont prêt pour l'importation. 1 ligne en tête et	is ready to be imported. 1 headerline and	sind bereit für den Import. 1 Kopfzeile und
data-lines have been read.	des lignes avec des données ont été lu.	data-lines have been read.	Zeilen mit Daten wurden eingelesen.
"Are you sure you want to import to the folder ""%@"" ?"	"Êtes-vous sûr de vouloir importer dans le dossier ""%@""?"	"Are you sure you want to import to the folder ""%@""?"	"Sind Sie sicher, dass Sie in das Verzeichnis ""%@"" importieren wollen?"
Start import?	Commencer l'importation?	Start import?	Import starten?
"Are you sure you want to reset <strong>all</strong> results of the test taker ""%@""? This action is irreversible!"	"Êtes-vous sûr de vouloir supprimer <strong>tous</strong> résultats du participant ""%@""? Il n' y a aucun moyen d'annuler cela!"	"Are you sure you want to reset <strong>all</strong> results of the test taker ""%@""? This action is irreversible!"	"Sind Sie sicher, dass Sie <strong>alle</strong> Ergebnisse des Teilnehmers ""%@"" löschen wollen? Diese Aktion ist nicht umkehrbar!"
Reset test taker results?	Réinitialiser les résultats du participant?	Reset test taker results?	Ergebnisse des Teilnehmers zurücksetzen?
"Are you sure you want to reset <strong>all</strong> results of the password ""%@""? This action is irreversible!"	"Êtes-vous sûr de vouloir réinitialiser <strong>tous</strong> résultats du mot de passe ""%@""? Il n'y a aucun moyen d'annuler cela!"	"Are you sure you want to reset <strong>all</strong> results of the password ""%@""? This action is irreversible!"	"Sind Sie sicher, dass Sie <strong>alle</strong> Ergebnisse zum Passwort ""%@"" zurücksetzen wollen? Diese Aktion ist nicht umkehrbar!"
Reset testee results?	Rénitialiser les résultats du participant?	Reset test taker results?	Ergebnisse des Teilnehmers zurücksetzen?
"Are you sure you want to reset <strong>all</strong> results of the test ""%@""? This action is irreversible!"	"Êtes-vous sûr de vouloir réinitialiser <strong>tous</strong> résultats des tests ""%@""? Il n'y a aucun moyen d'annuler cela!"	"Are you sure you want to reset <strong>all</strong> results of the test ""%@""? This action is irreversible!"	"Sind Sie sicher, dass Sie <strong>alle</strong> Ergebnisse des Tests ""%@"" zurücksetzen wollen? Diese Aktion ist nicht umkehrbar!"
Please enter a new password for the test taker:	Veuillez saisir un nouveau mot de passe pour le participant:	Please enter a new password for the test taker:	Bitte geben Sie ein neues Passwort für den Teilnehmer ein:
Please enter a tag for the password (optional):	Veuillez saisir un tag pour le mot de passe (facultatif)	Please enter a tag for the password (optional):	Bitte geben Sie ein Tag für das Passwort ein (optional)
New password	Nouveau mot de passe	New password	Neues Passwort
This password does already exist. Try creating a different password.	Ce mot de passe existe déjà. Veuillez choisir un autre.	This password does already exist. Try creating a different password.	Dieses Passwort existiert bereits. Bitte wählen Sie ein Anderes.
password	Mot de passe	password	Passwort
You cannot create an empty password!	Vous ne pouvez pas créer un mot de passe vide!	You cannot create an empty password!	Sie können kein leeres Passwort erstellen!
test assigned	Test attribué	test assigned	Test zugewiesen
Please select a password to show assigned tests!	Veuillez choisir un mot de passe pour afficher les tests appartenants!	Please select a password to show assigned tests!	Bitte wählen Sie ein Passwort um die zugehörigen Tests anzuzeigen!
Are you sure you want to delete the password <strong>%@</strong>?	Êtes-vous sûr de vouloir supprimer le mot de passe <strong>%@</strong>?	Are you sure you want to delete the password <strong>%@</strong>?	Sind Sie sicher, dass Sie das Passwort <strong>%@</strong> löschen wollen?
For this password user data has already been collected!	Pour ce mot de passe, des résultats des participants ont déjà été enregistré	For this password user data has already been collected!	Für dieses Passwort wurden schon Ergebnisse von Teilnehmern aufgezeichnet
Delete password?	Supprimer le mot de passe?	Delete password?	Passwort löschen?
Current password tag:	Tag du mot de passe actuel:	Current password tag:	Aktuelles Passwort Tag:
This password does already exist. Try renaming to a different password.	Ce mot de passe existe déjà. Veuillez essayer de renommer.	This password does already exist. Try renaming to a different password.	Dieses Passwort existiert bereits. Bitte versuchen Sie umzubenennen.
Please enter a name for the test taker (login):	Veuillez saisir un nom pour le participant (Login) :	Please enter a name for the test taker (login):	Bitte geben Sie einen Namen für den Teilnehmer ein (Login):
Please enter a name for the template (reusable login):	Veuillez saisir un nom pour le modèle (identifiant réutilisable) :	Please enter a name for the template (reusable login):	Bitte geben Sie einen Namen für das Template ein (wiederverwendbares Login):
In order to create a test taker, you have to enter a name with which the test taker can be identified!	Pour créer un participant, vous devez saisir un nom avec lequel il peut être identifié!	In order to create a test taker, you have to enter a name with which the test taker can be identified!	Um einen Teilnehmer anzulegen müssen Sie einen Namen eingeben mit dem er identifiziert werden kann!
Are you sure you want to delete the following test takers(s)/folder(s)? This action is irreversible!	Êtes-vous sûr de vouloir supprimer le dossier des participants suivant? Il n'y a aucun moyen d'annuler cela!	Are you sure you want to delete the following test takers(s)/folder(s)? This action is irreversible!	Sind Sie sicher, dass Sie die folgenden Teilnehmer/Ordner löschen wollen?  Diese Aktion ist nicht umkehrbar!
Recorded data for the chosen test takers will also be deleted.	Les résultats enregistrés du participant sélectionné seront aussi supprimés!	Recorded data for the chosen test takers will also be deleted.	Aufgezeichnete Ergebniss des gewählten Teilnehmers werden ebenfalls gelöscht!
If the selected folder(s) contain files or subfolders, they will be deleted as well.	Si les dossiers sélectionnés contiennent des fichiers ou des sous dossiers, ceux-ci seront aussi supprimés!	If the selected folder(s) contain files or subfolders, they will be deleted as well.	Wenn die gewählten Ordner Dateien oder Unterordner enthalten werden diese ebenfalls gelöscht!
Please enter a new name (login):	Veuillez saisir un nouveau nom (Login):	Please enter a new name (login):	Bitte geben Sie einen neuen Namen (Login) ein:
Please enter a new meta tag for the test taker.	Veuillez saisir un nouveau meta tag pour le participant.	Please enter a new meta tag for the test taker.	Bitte geben Sie einen neuen Meta-Tag für den Teilnehmer ein.
"Meta-key (e.g. ""Class""):"	"Meta Key (p.ex. ""Classe""):"	"Meta-key (e.g. ""Class""):"	"Meta-Key (z.B. ""Klasse""):"
"Meta-value (e.g. ""9a""):"	"Meta Value (p.ex. ""9a""):"	"Meta-value (e.g. ""9a""):"	"Meta-Value (z.B. ""9a""):"
New meta-tag	Nouveau meta tag	New meta-tag	Neuer Meta-Tag
"A meta tag with the key """	"Un meta tag avec le key """	"A meta tag with the key """	"Ein Meta-Tag mit dem Key """
""" already exists. The current value is """	""" existe déjà. La valeur actuelle est """	""" already exists. The current value is """	""" existiert bereits. Der aktuelle Value ist """
"Do you want to overwrite it with """	"Voulez-vous la remplacer avec la valeur suivante """	"Do you want to overwrite it with """	"Wollen Sie es durch diesen Value ersetzen """
meta tag	Meta Tag	meta tag	Meta-Tag
meta tags	Meta Tags	meta tags	Meta-Tags
Assign test to password	Attribuer le test au mot de passe	Assign test to password	Test dem Passwort zuweisen
Add to all	Ajouter à tous	Add to all	Allen hinzufügen
Add to all & close	Ajouter à tous et fermer	Add to all & close	Allen hinzufügen und schließen
"Override settings - Tests assigned to """	"Règle spéciale - Tests attribués à """	"Override settings - Tests assigned to """	"Sonderregeln - Tests zugewiesen zu """
This test has data recorded. Are you sure you want to remove this test ID<strong>%@</strong>? Recorded data will be deleted!	Des résultats ont été enregistré pour ce test. Êtes-vous sûr de vouloir supprimer le test avec le ID <strong>%@</strong>? Des résultats enregistrés seront supprimés!	This test has data recorded. Are you sure you want to remove this test ID<strong>%@</strong>? Recorded data will be deleted!	Zu diesem Test wurden Ergebnisse aufgezeichnet. Sind Sie sicher, dass Sie den Test mit der ID<strong>%@</strong> entfernen wollen? Aufgezeichnete Ergebnisse werden gelöscht!
Confirm removing test	Confirmez l'enlèvement du test	Confirm removing test	Test entfernen - Bestätigung
This test has already been added to the current password.	Ce test a déjà été attribué au mot de passe	This test has already been added to the current password.	Dieser Test wurde dem Passwort bereits zugewiesen
Name fluid testblock	Nom bloc de fluid test	Name fluid testblock	Name Fluid Test Block
Name test page	Nom de la page de test	Name test page	Name Testseite
Invalid test page!	Page de test non valable !	Invalid test page!	Testseite ungültig
test assigned to password	test attribué au mot de passe	test assigned to password	dem Passwort zugewiesener Test
tests assigned to password	tests attribués au mot de passe	tests assigned to password	dem Passwort zugewiesene Tests
Password saved!	Mot de passe était sauvegardé	Password saved!	Passwort gespeichert
Password created!	Mot de passe était créé	Password created!	Passwort erzeugt
Changes saved!	Modifications étaient sauvegardées	Changes saved!	Änderungen gespeichert
Results of the test taker deleted!	Résultats du participant étaient supprimés	Results of the test taker deleted!	Ergebnisse des Teilnehmers gelöscht
Results of the tests deleted!	Résultats des tests étaient supprimés	Results of the tests deleted!	Ergebnisse der Tests gelöscht
Results of the test deleted!	Résultat du test étaient supprimés	Results of the test deleted!	Ergebnisse des Tests gelöscht
No issues found for this test taker:	Aucun problème trouvé pour ce participant:	No issues found for this test taker:	Keine Probleme für den Teilnehmer gefunden:
Passwords have been created.	Des mots de passe ont été créés	Passwords have been created.	Passwörter wurden erzeugt
All passwords have one or more tests assigned.	Tous les mots de passe sont attribués à des tests	All passwords have one or more tests assigned.	Allen Passwörtern sind Tests zugewiesen
All assigned tests are still present in the database.	Tous les tests attribués sont disponibles dans la base de données	All assigned tests are still present in the database.	Alle zugewiesenen Tests sind in der Datenbank verfügbar
No passwords have been created for this test taker yet!	Aucun mot de passe était crée pour ce participant!	No passwords have been created for this test taker yet!	Für diesen Teilnehmer wurden noch keine Passwörter erzeugt!
There are passwords where no tests have been assigned!	Il y a des mots de passe, auxquels aucun test a été attribué!	There are passwords where no tests have been assigned!	Es gibt Passwörter, denen kein Test zugewiesen wurde!
One or more assigned tests are not available anymore!	Un ou plusieurs tests attribués ne sont plus disponibles!	One or more assigned tests are not available anymore!	Einer oder mehrere zugewiesene Tests sind nicht mehr verfügbar!
The following issues have been detected:	Les problèmes suivants ont été trouvé:	The following issues have been detected:	Folgende Probleme wurden gefunden:
All tasks completed successfully. No issues found!	Tous les tâches étaient complétés avec succès. Aucun problème était trouvé.	All tasks completed successfully. No issues found!	Alle Aufgaben erfolgreich abgeschlossen. Keine Probleme gefunden.
Download score	Télécharger le score	Download score	Score
Use JSON for data	Utilisez JSON pour les données	Use JSON for data	Daten als JSON
Details	Détails	Details	Details
What to monitor	Suivi d’activités	What to monitor	Was soll überwacht werden?
live monitoring	Suivi d’activités en direct	live monitoring	Live Überwachung
What to show	Paramètres d’affichage	What to show	Was soll angezeigt werden?
hide completed tests	Masquer les tests complétés	hide completed tests	Abgeschlossene Tests verbergen
hide lost connections	Masquer les connections interrompues	hide lost connections	Abgebrochene Verbindungen verbergen
expand all	Tout développer	expand all	Alles ausklappen
collapse all	Tout réduire	collapse all	Alles einklappen
How to group data	Regroupement des données	How to group data	Wie sollen die Daten gruppiert werden?
top level	Niveau en tête	top level	Oberste Ebene
detail	Niveau supplémentaire	detail	Weitere Ebene
No category	Pas de catégorie	No category	Keine Kategorie
logins	Logins	logins	Logins
login id	Login ID	login id	Login ID
test id	test ID	test id	Test ID
test name	Nom du test	test name	Test Name
password id	ID du mot de passe	password id	Passwort ID
password tag	Tag du mot de passe:	password tag	Passwort Tag
login date	Date du login	login date	Login Datum
login time	Temps du login	login time	Login Zeit
last contact date	Dernier date de contact	last contact date	Letzter Kontakt Datum
last contact time	Dernier temps de contact	last contact time	Letzter Kontakt Zeit
progress	progrès	progress	Fortschritt
time left	temps restant	time left	Verbleibende Zeit
status	statut	status	Status
behaviour	comportement	behaviour	Verhalten
see complete log	log complet	see complete log	Komplettes Log
Import	importer	Import	Importieren
Create	créer	Create	Anlegen
Button	Button	Button	Button
Close	Fermer	Close	Schließen
Select all	Sélectionner tout	Select all	Alle auswählen
Deselect all	Désélectionner tout	Deselect all	Auswahl aufheben
cancel	Annuler	Cancel	Abbrechen
search	Recherche	Search	Suche
Edit	Modifier	Edit	Bearbeiten
Save	Sauvegarder	Save	Speichern
New folder	Nouveau dossier	New folder	Neuer Ordner
Rename	Modifier le nom	Rename	Name ändern
Cut	Couper	Cut	Ausschneiden
Copy	Copier	Copy	Kopieren
Duplicate	Dupliquer	Duplicate	Duplizieren
Paste	Insérer	Paste	Einfügen
Delete	Supprimer	Delete	Löschen
Edit Permissions	Modifier les permissions	Edit Permissions	Berechtigungen bearbeiten
Edit folder permissions	Modifier les permissions de dossier	Edit folder permissions	Ordnerberechtigungen bearbeiten
OK	OK	OK	OK
New search	Nouvelle recherche	New search	Neue Suche
Search for:	Terme de recherche :	Search for:	Suche nach:
Filter	Filtre	Filter	Filter
Filter folder:	Dossier de filtre :	Filter folder:	Filter Ordner:
Delete selection	Supprimer la sélection	Delete selection	Auswahl löschen
No matches for your current filter!	Aucun résultat pour votre filtre actuel !	No matches for your current filter!	Keine Ergebnisse für ihren aktuellen Filter.
No results for your search:	Aucun résultat pour votre recherche :	No results for your search:	Keine Ergebnisse für Ihre Suche:
result(s) for your search:	Résultat de la recherche :	result(s) for your search:	Suchergebnis:
Double-click element to open it!	Double-cliquez sur l'élément pour l'ouvrir !	Double-click element to open it!	Doppelklick zum Öffnen!
Error	Erreur	Error	Fehler
New item group	Nouveau groupe	New item group	Neue Item Gruppe
Add language	Ajouter une langue	Add language	Sprache hinzufügen
Rename & edit code	Modifier nom ou code	Rename & edit code	Name/Code ändern
Save & close	Sauvegarder & fermer	Save & close	Speichern & schließen
New:	Nouveau:	New:	Neu:
New test	Nouveau test	New test	Neuer Test
Edit test	Modifier le test	Edit test	Test bearbeiten
Edit labels	Modifier les labels	Edit Labels	Labels bearbeiten
Plausibility check	Vérifier la plausibilité	Plausibility check	Plausibilität prüfen
Order	Ordre	Order	Abfolge
Continue editing	Continuer la modification	Continue editing	Bearbeitung fortsetzen
Save changes	Sauvegarder les modifications	Save changes	Änderungen speichern
Reset	Réinitialiser	Reset	Zurücksetzen
No data recorded yet!	Pas encore de données enregistrés	No data recorded yet!	Noch keine Daten aufgezeichnet.
Test information	Informations du test	Test information	Test Information
Test-ID:	Test-ID :	Test-ID:	Test-ID:
Test-name:	Nom du test :	Test-name:	Test-Name:
Test-takers with results:	Participants avec résultats :	Test-takers with results:	Teilnehmer mit Ergebnissen:
Progress statistics	Statistiques de progression	Progress statistics	Fortschrittsstatistik
less than 20 %	moins de 20 %	less than 20 %	weniger als 20 %
21-40 %	21-40 %	21-40 %	21-40 %
41-60 %	41-60 %	41-60 %	41-60 %
61-80 %	61-80 %	61-80 %	61-80 %
81-99 %	81-99 %	81-99 %	81-99 %
100 % (fully completed)	100 % (entièrement complété)	100 % (fully completed)	100 % (komplett beantwortet)
Overview	Aperçu	Overview	Übersicht
Task:	Tâche	Task:	Aufgabe
Tasks:	Tâches:	Tasks:	Aufgaben:
Operation completed!	Opération était complétée!	Operation completed!	Vorgang abgeschlossen!
Sorry! The action cannot be completed.	Désolé! L'opération ne peut pas être complétée.	Sorry! The action cannot be completed.	Tut uns leid! Der Vorgang kann nicht beendet werden.
Overwrite	écraser	Overwrite	Überschreiben
Delete selection?	Supprimer la sélection?	Delete selection?	Auswahl löschen?
Warning:	Avertissement:	Warning:	Warnung:
Start	Lancer	Start	Starte
and	et	and	und
linear test	test linéaire	Linear Test	Linearer Test
fluid test	fluid test	Fluid Test	Fluid Test
Languages missing:	Langues manquantes:	Languages missing:	Fehlende Sprachen:
Missing content in	Contenu manquant dans	Missing content in	Fehlender Inhalt in
Headline	Titre	Headline	Überschrift
Warning	Avertissment	Warning	Warnung
Plausibility check completed successfully!	Contrôle de plausibilité était complété avec succès.	Plausibility check completed successfully!	Plausibilitätsprüfung erfolgreich abgeschlossen.
Random	Aléatoire	Random	Zufällig
As defined	Comme défini	As defined	Wie definiert
as defined	comme défini	as defined	wie definiert
has	a	has	hat
Contact administrator!	Contactez l'administrateur!	Contact administrator!	Nehmen Sie Kontakt mit dem Administrator auf!
No data available.	Pas de données disponibles	No data available.	Keine Daten vorhanden
No data recorded yet.	Pas encore de données enregistrés	No data recorded yet.	Noch keine Daten aufgezeichnet
Data from	Données de	Data from	Daten von
editing	Modifier :	Editing	Bearbeiten:
Editing	Modifier :	Editing	Bearbeiten:
Variable	Variable	Variable	Variable
Add variable	Ajouter une variable	Add variable	Variable hinzufügen
Add label	Ajouter un label	Add label	Label hinzufügen
Code	Code	Code	Code
Label	Label	Label	Label
Skin	Skin	Skin	Skin
Help-Page	Page d'aide	Help-Page	Hilfeseite
Languages	Langues	Languages	Sprachen
Language	Langue	Language	Sprache
Miscellaneous	Divers	Miscellaneous	Verschiedenes
Properties	Propriétés	Properties	Eigenschaften
Choose language	Choisir une langue	Choose language	Sprache wählen
no_search_results	Votre recherche n'avait aucun résultat	Your search did not produce any results	Ihre Suche hatte kein Ergebnis
Please enter a name for the folder:	Veuillez saisir un nom pour le dossier :	Please enter a name for the folder:	Bitte geben Sie einen Namen für den Ordner ein:
Please enter a name:	Veuillez saisir un nom:	Please enter a name:	Bitte geben Sie einen Namen an:
only_valid_chars	Veuillez utiliser que des charactères valables: lettres, nombres et	Please use only valid characters: Letters & numbers plus	Bitte benutzen Sie nur gültige Zeichen: Buchstaben, Zahlen und
You need to enter a name for the new folder!	Vous devez saisir un nom pour le nouveau dossier!	You need to enter a name for the new folder!	Sie müssen einen Ordnernamen eingeben!
No search results	Pas de résultats de recherche	No search results	Kein Suchergebnis
Please enter a new name:	Veuillez saisir un nouveau nom :	Please enter a new name:	Bitte geben Sie einen neuen Namen ein:
delete_this	Êtes-vous sûr de vouloir supprimer le suivant ?	Are you sure you want to delete the following?	Sind Sie sicher, dass Sie Folgendes löschen wollen?
really_delete	Êtes vous sûr de vouloir supprimer les fichiers/dossiers suivants ? Cette action ne peut pas être annuler !	Are you sure you want to delete the following files/folders? This action is irreversible!	Sind Sie sicher, dass Sie die folgenden Dateien/Ordner löschen wollen? Diese Aktion ist nicht umkehrbar!
really_delete_item	Êtes vous sûr de vouloir supprimer le(s) groupe(s)/dossier(s) suivant(s)? Cette action ne peut pas être annuler!	Are you sure you want to delete the following group(s)/folder(s) This action is irreversible!	Sind Sie sicher, dass Sie die folgende(n) Gruppen(n)/Ordner löschen wollen? Diese Aktion ist nicht umkehrbar!
This page is linked as a stimulus to at least one other page. Deleting it will remove all existing links.	La page est liée comme stimulus à au moins une autre page. La supprimer va supprimer tous les liens existants.	This page is linked as a stimulus to at least one other page. Deleting it will remove all existing links.	Diese Seite ist als Stimulus mit mindestens einer anderen Seite verknüpft. Wenn Sie sie löschen, werden alle bestehenden Links entfernt.
warning_recursive	AVERTISSEMENT: Si le dossier sélectionné contient des sous fichiers ou des fichiers, ceux-ci seront aussi supprimés.	WARNING: If the selected folder(s) contain files or subfolders, they will be deleted as well.	WARNUNG: Wenn der gewählte Ordner Unterordner oder Dateien enthält, werden diese ebenfalls gelöscht.
warning_folder_copy	Les dossiers ne peuvent pas être copiés pour la duplication	Folders cannot be copied for duplication!	Ordner können nicht zum Duplizieren kopiert werden
all_lang_created	Toutes les langues soutenues ont déjà été crée dans cet item. Aucune autre langue peut être ajoutée!	All supported languages are already present in this item. No further language can be added!	Alle unterstützten Sprachen sind in diesem Item bereits angelegt. Es können keine weiteren Sprachen hinzugefügt werden!
del_lang_part	Vous êtes en train de supprimer la partie %@ de cet item avec tous ses contenus. Ceci ne peut pas être annulé. Êtes-vous sûr de vouloir continuer?	You are about to delete the %@ part of this item with all of its contents. This is irreversible. Are you sure you want to continue?	Sie sind dabei den %@ Part dieses Items mit allen seinen Inhalten zu löschen. Das läßt sich nicht rückgängig machen. Sind Sie sicher,dass Sie fortfahren wollen?
And optionally a code:	Et un code (facultatif):	And optionally a code:	Und einen Code (optional):
missing_name	Vous devez donner un nom à votre item pour qu'il puisse être afficher dans la liste!	You must give a name to your item, so that that it can be shown in the list!	Sie müssen Ihrem Item einen Namen geben damit es in der Liste angezeigt werden kann!
empty_group	Ce groupe d'item est vide. Aucun aperçu possible.	Item group is empty. Nothing to preview.	Diese Item Gruppe ist leer. Keine Vorschau möglich.
nothing_added_yet	Il n'y a encore aucun pages de test qui a été ajouté. Cliquez sur l'icône plus pour ajouter un page de test !	No test pages assigned yet. Click on the Plus-Icon to assign a test page!	Es wurde noch kein Testseiten hinzugefügt. Klicken Sie auf das Plus-Icon um eine Testseite hinzuzufügen!
Are you sure you want to change the skin to	Êtes-vous sûr de vouloir modifier le skin comme suit ?	Are you sure you want to change the skin to	Sind Sie sicher, dass Sie den Skin auf
All individual settings will be lost.	 Tous les paramètres individuels seront perdus.	 All individual settings will be lost.	 ändern wollen? Alle individuellen Einstellungen werden verloren gehen.
This name is allready in use. Please choose a different one.	Ce nom est déjà en usage. Veuillez choisir un autre nom	This name is allready in use. Please choose a different one.	Dieser Name ist bereits vergeben. Bitte wählen Sie einen anderen Namen
skin_reset	Remarque: Le skin pour ce test a été reinitialisé au thème défaut. Le skin pour ce test n'est plus disponible.	Notice: The skin for this test has been set to the default theme. The skin from the test is not available anymore.	Hinweis: Der Skin für diesen Test wurde auf das Default Theme zurückgesetzt. Das Skin für diesen Test ist nicht mehr verfügbar.
Notice automatic skin change	Remarque: Changement automatique du skin	Notice automatic skin change	Hinweis: Automatischer Wechsel des Skins
The following test pages have been set to the default label, because the assigned label has been deleted:	Les pages de test suivantes ont été réinitialisées au label par défaut, parce que le label attribué a été supprimé :	The following test pages have been set to the default label, because the assigned label has been deleted:	Folgende Testseiten wurden auf das Standard Label zurückgesetzt, weil das zugewiesene Label gelöscht wurde:
Show detailed navigation	Navigation élargie	Show detailed navigation	Erweiterte Navigation
Floating questions	Séparateur stimulus/items	Collapsible questions	Stimulus/Item Trenner
Floating question	Séparateur stimulus/item	Collapsible question	Stimulus/Item Trenner
Default language to add to an empty item:	La première langue ajoutée par défaut lors de la création d'un nouveau item :	Default language to add to an empty item :	Standard Sprache, die einem leeren Item hinzugefügt wird:
Disable all animations in the editor:	Désactive toutes les animations dans l'éditeur :	Disable all animations in the editor:	Alle Animationen im Editor deaktivieren:
Skin to use for the preview:	Skin à utiliser pour la prévisualisation :	Skin to use for the preview:	Skin für die Vorschau:
oasys administration panel login	OASYS connexion au panneau d'administration	OASYS administration panel login	OASYS Administration Login
login	Se connecter	login	Anmelden
Password:	Mot de passe :	Password:	Passwort:
username	Identifiant	username	Benutzername
Please enter a new meta tag for the test.	Veuillez saisir un nouveau meta tag pour le test.	Please enter a new meta tag for the test.	Bitte geben Sie ein neues Meta-Tag für den Test ein.
"Meta-key (e.g. ""Subject""):"	"Meta Key (p.ex. ""Sujet"") :"	"Meta-key (e.g. ""Subject""):"	"Meta-Key (z.B. ""Thema""):"
"Meta-value (e.g. ""Mathematics""):"	"Meta Value (p.ex. ""Mathématiques"") :"	"Meta-value (e.g. ""Mathematics""):"	"Meta-Value (z.B. ""Mathematik""):"
Testpool saved!	Testpool était sauvegardé	Testpool saved!	Testpool gespeichert
Inheritance of Parent Permisisons	Héritage des permissions	Inheritance of Parent Permisisons	Geerbte Rechte
No user permissions defined for this group.	Pas de permissions définies pour ce groupe	No user permissions defined for this group.	Für diese Gruppe sind keine Benutzerrechte definiert.
Permission data successfully updated!	Mise à jour des permission réussie!	Permission data successfully updated!	Berechtigungen erfolgreich aktualisiert!
Incorrect Credentials.	Identifiant non valide.	Incorrect credentials.	Falsche Zugangsdaten.
Permission[1] JSON schema file is invalid. Please report to Oasys Administrator.	L'autorisation [1] du fichier de schéma JSON n'est pas valide. Veuillez vous adresser à l'administrateur Oasys.	Permission[1] JSON schema file is invalid. Please report to Oasys Administrator.	Permission[1] JSON Schema Datei ist ungültig. Bitte wenden sie sich an den Oasys Administrator.
Bad input detected!	Mauvaise entrée détectée !	Bad input detected!	Schlechte Eingabe entdeckt.
This folder is empty!	Ce dossier est vide !	This folder is empty!	Dieser Ordner ist leer.
Insert URL	Insérer URL	Insert URL	URL einfügen
Insert	Insérer	Insert	Einfügen
Media Browser	Navigateur média	Media Browser	Medien Browser
Delete all	Supprimer tout	Delete all	Alles löschen
Drop media-file here to upload!	Déposez le fichier multimédia ici pour le télécharger!	Drop media-file here to upload!	Mediendatei zum Hochladen hier ablegen.
The following files could not be uploaded	Les fichiers suivants n'ont pas pû être téléchargés	The following files could not be uploaded	Folgende Dateien konnten nicht hochgeladen werden
as they do not match one of the accepted file formats	 car ils ne correspondent pas à un des formats acceptés	as they do not match one of the accepted file formats	weil sie keinem der zulässigen Dateiformate entsprechen
Are you sure you want to delete all media files of this page group? This action is irreversible!	Êtes-vous sûr de vouloir effacer tous les fichiers media de ce groupe de pages ? Cette action est irréversible !	Are you sure you want to delete all media files of this page group? This action is irreversible!	Sind Sie sicher, dass Sie alle Mediendateien dieser Seitengruppe löschen wollen? Diese Aktion ist nicht umkehrbar!
Delete all media files?	Supprimer tous les fichiers multimédia?	Delete all media files?	Alle Mediendateien löschen?
Width in pixels:	Largeur en pixels :	Width in pixels:	Breite in Pixel:
Height in pixels:	Hauteur en pixels :	Height in pixels:	Höhe in Pixel:
Audio options:	Options audio :	Audio options:	Audio Optionen:
Limit the number of playbacks (0 for unlimited):	Limiter le nombre de passages (0 pour illimité) :	Limit the number of playbacks (0 for unlimited):	Erlaubte Wiederholungen (0 für unbegrenzt):
allow user to control track (pause, rewind etc.)	Permettre à l’utilisateur de contrôler la piste	Allow user to control track (pause, rewind etc.)	Bedienelemente (Pause, Rückspulen...) anzeigen.
start playback as soon as audio is loaded	Démarrer la lecture dès que l'audio est chargée	Start playback as soon as audio is loaded	Wiedergabe starten, sobald das Audio geladen ist.
prevent user to continue without listening to audio	La piste doit avoir été joué avant de passer à la prochaine page	Prevent user to continue without listening to audio	Benutzer darf erst weiter, nachdem er das Audio gehört hat.
Size / Uploaded:	Taille / téléchargé :	Size / Uploaded:	Größe / Hochgeladen:
Video options:	Options vidéo :	Video options:	Video Optionen:
replace video by placeholder after it has been watched	Image de substitution après l'avoir regardée.	replace video by placeholder after it has been watched	Video nach dem Abspielen durch Platzhalter ersetzen.
allow user to control video (pause, rewind etc.)	Utilisateur peut contrôler la piste (pause, retour en arrière, etc.)	Allow user to control video (pause, rewind etc.)	Bedienelemente (Pause, Rückspulen...) anzeigen.
start playback as soon as video is loaded	Démarrer la lecture dès que le vidéo est chargée	Start playback as soon as video is loaded	Wiedergabe starten, sobald das Video geladen ist.
prevent user to continue without watching video	La piste doit avoir été jouée avant de passer à la prochaine page	Prevent user to continue without watching video	Benutzer darf erst weiter, nachdem er das Video gesehen hat.
Please choose	Veuillez choisir	Please choose	Bitte wählen
Label-Content:	Contenu :	Label-Content:	Label Inhalt:
You cannot delete a label which is set to default!	"Vous ne pouvez pas effacer un label marqué ""par défaut""."	You cannot delete a label which is set to default!	Sie können kein Label löschen, das auf Default gesetzt ist!
The folder you are trying to open has been deleted by another user. The view will be refreshed.	Le dossier que vous essayez d'ouvrir a été effacé par un autre utilisateur. L’aperçu va être actualisé.	The folder you are trying to open has been deleted by another user. The view will be refreshed.	Der Ordner, den Sie öffnen wollen, wurde von einem anderen Benutzer gelöscht. Die Ansicht wird aktualisiert.
The test you are trying to select has been deleted by another user. The view will be refreshed.	Le test a été effacé par un autre utilisateur. L’aperçu va être actualisé.	The test you are trying to select has been deleted by another user. The view will be refreshed.	Der Test, den Sie auswählen wollen, wurde von einem anderen Benutzer gelöscht. Die Ansicht wird aktualisiert.
The folder has been deleted by somebody else. Press OK to refresh the item group list!	Le dossier a été effacé par un autre utilisateur. L’aperçu va être actualisé.	The folder has been deleted by somebody else. Press OK to refresh the item group list!	Der Ordner wurde von einem anderen Benutzer gelöscht. Klicken Sie OK um die Item Gruppen Liste zu aktualisieren!
The test you are trying to edit has been deleted by another user. The view will be refreshed.	Le test a été effacé par un autre utilisateur. L’aperçu va être actualisé.	The test you are trying to edit has been deleted by another user. The view will be refreshed.	Der Test,den Sie bearbeiten wollen, wurde von einem anderen Benutzer gelöscht. Die Ansicht wird aktualisiert.
The test you are trying to edit has been moved to a different folder by another user. The new location will be opened.	Le test que vous essayez d'éditer a été déplacé par un autre utilisateur. Le nouvel endroit va être affiché.	The test you are trying to edit has been moved to a different folder by another user. The new location will be opened.	Der Test,den Sie bearbeiten wollen, wurde von einem anderen Benutzer in einen anderen Ordner verschoben. Der neue Ort wird geöffnet.
A folder with that name does already exist. Try using another name.	Un dossier portant ce nom existe déjà. Essayez d'utiliser un autre nom.	A folder with that name does already exist. Try using another name.	Ein Ordner mit diesem Namen existiert bereits. Vergeben Sie einen anderen Namen.
This test does already exist in the current folder. Try using another name for the test.	Ce test existe déjà. Essayez d'utiliser un autre nom pour le test.	This test does already exist. Try using another name for the test.	Dieser Test existiert bereits im aktuellen Verzeichnis. Verwenden Sie einen anderen Namen.
The test you are trying to select has been moved to a different folder by another user. The new location will be opened.	Le test que vous essayez de sélectionner a été déplacé vers un autre dossier par un autre utilisateur. Le nouvel emplacement va être ouvert.	The test you are trying to select has been moved to a different folder by another user. The new location will be opened.	Der Test, den Sie auswählen wollen, wurde von einem anderen Benutzer in einen anderen Ordner verschoben. Der neue Ort wird geöffnet.
There is an error in the database. Please contact the administrator!	Il y a une erreur dans la base de données. Veuillez contacter l'administrateur!	There is an error in the database. Please contact the administrator!	Die Datenbank ist fehlerhaft. Bitte wenden Sie sich an den Administrator.
This testpool has been deleted by another user. Leaving edit mode.	Le pool de test a été effacé par un autre utilisateur. Le mode d'édition va se fermer.	This testpool has been deleted by another user. Leaving edit mode.	Dieser Testpool wurde von einem anderen Benutzer gelöscht. Verlasse Bearbeitungsmodus.
The test has been deleted by another user. The view will be refreshed.	Le test a été effacé par un autre utilisateur. L’aperçu va être actualisé.	The test has been deleted by another user. The view will be refreshed.	Der Test wurde von einem anderen Benutzer gelöscht. Die Ansicht wird aktualisiert.
The target folder you are trying to move/copy objects to has been deleted by another user. The view will be refreshed.	Le dossier de destination, dans le lequel vous voulez déplacer ou copier des objets a été effacé par un autre utilisateur. L’aperçu va être actualisé.	The target folder you are trying to move objects to has been deleted by another user. The view will be refreshed.	Der Ordner, in den Sie Objekte verschieben oder kopieren wollen, wurde von einem anderen Benutzer gelöscht. Die Ansicht wird aktualisiert.
One or more folders you are trying to move have been deleted by another user. The view will be refreshed.	Un ou plusieurs des objets, que vous essayez de copier, ont été effacés. L’aperçu va être actualisé.	One or more folders you are trying to move have been deleted by another user. The view will be refreshed.	Einer oder mehrere der Ordner, die Sie verschieben wollen, wurde von einem anderen Benutzer gelöscht. Die Ansicht wird aktualisiert.
One or more tests you are trying to move have been deleted by another user. The view will be refreshed.	Un ou plusieurs des objets, que vous essayez de copier, ont été effacés. L’aperçu va être actualisé.	One or more tests you are trying to move have been deleted by another user. The view will be refreshed.	Einer oder mehrere der Tests, die Sie verschieben wollen, wurde von einem anderen Benutzer gelöscht. Die Ansicht wird aktualisiert.
You are not able to move a folder into itself!	Vous ne pouvez pas déplacer un dossier en lui-même!	You are not able to move a folder into itself!	Sie können einen Ordner nicht in sich selbst verschieben.
You are not able to copy a folder into itself!	Vous n'êtes pas en mesure de copier un dossier en lui-même!	You are not able to copy a folder into itself!	Sie können einen Ordner nicht in sich selbst kopieren.
The folder you are trying to rename has been deleted by another user. The view will be refreshed.	Le dossier dont vous voulez changer le nom a été effacé par un autre utilisateur. L’aperçu va être actualisé.	The folder you are trying to rename has been deleted by another user. The view will be refreshed.	Der Ordner, den Sie umbenennen wollen, wurde von einem anderen Benutzer gelöscht. Die Ansicht wird aktualisiert.
The test you are trying to rename has been deleted by another user. The view will be refreshed.	Le test dont vous voulez changer le nom a été effacé par un autre utilisateur. L’aperçu va être actualisé.	The test you are trying to rename has been deleted by another user. The view will be refreshed.	Der Test, den Sie umbenennen wollen, wurde von einem anderen Benutzer gelöscht. Die Ansicht wird aktualisiert.
The test you are trying to rename has been moved to a different folder by another user. The new location will be opened.	Le test dont vous voulez changer le nom a été déplacé par un autre utilisateur. L’aperçu va être actualisé.	The test you are trying to rename has been moved to a different folder by another user. The new location will be opened.	Der Test, den Sie umbenennen wollen, wurde von einem anderen Benutzer verschoben. Der neue Ort wird geöffnet.
The folder you are trying to rename has been moved to a different folder by another user. The new location will be opened.	Le dossier dont vous voulez changer le nom a été déplacé par un autre utilisateur. L’aperçu va être actualisé.	The folder you are trying to rename has been moved to a different folder by another user. The new location will be opened.	Der Ordner, den Sie umbenennen wollen, wurde von einem anderen Benutzer verschoben. Der neue Ort wird geöffnet.
A test with that name does already exist. Try using another name.	Un test portant ce nom existe déjà.Veuillez choisir un autre nom.	A test with that name does already exist. Try using another name.	Ein Test mit diesem Namen existiert bereits. Vergeben Sie einen anderen Namen.
You are trying to save a test which has been deleted by another user. The view will be refreshed.	Vous essayez de sauvegarder un test qui a été effacé par un autre utilisateur. L’aperçu va être actualisé.	You are trying to save a test which has been deleted by another user. The view will be refreshed.	Sie versuchen, einen Test zu speichern, der von einem anderen Benutzer gelöscht wurde. Die Ansicht wird aktualisiert.
You are trying to edit a test where another user has just changed the skin settings. The view will be refreshed.	Vous essayez d'éditer un test dont les propriétés de skin ont été changées par un autre utilisateur. L’aperçu va être actualisé.	You are trying to edit a test where another user has just changed the skin settings. The view will be refreshed.	Sie bearbeiten einen Test, bei dem ein anderer Benutzer gerade die Skin Settings geändert hat. Die Ansicht wird aktualisiert.
Please enter at least one character for the name.	Veuillez saisir au moins un caractère pour le nom.	Please enter at least one character for the name.	Bitte geben Sie für den Namen mindestens ein Zeichen ein.
default	défaut	default	standard
Default	Défaut	Default	Standard
modified	modifié	modified	geändert
You are trying to modify a test which has been deleted by another user. The view will be refreshed.	Le test que vous souhaitez modifier a été effacé par un autre utilisateur. L’aperçu va être actualisé.	You are trying to modify a test which has been deleted by another user. The view will be refreshed.	Sie versuchen, einen Test zu ändern, der von einem anderen Benutzer gelöscht wurde. Die Ansicht wird aktualisiert.
You are trying to add a fluid test block to a test which has been deleted by another user. The view will be refreshed.	Vous essayez d'ajouter un bloc de test fluide à un test qui a été supprimé par un autre utilisateur. L’aperçu sera actualisé.	You are trying to add a fluid test block to a test which has been deleted by another user. The view will be refreshed.	Sie versuchen einen Fluid Test Block zu einem Test hinzuzufügen, der von einem anderen Benutzer gelöscht wurde. Die Ansicht wird aktualisiert.
You are trying to update a test which has been deleted by another user. The view will be refreshed.	Le test dont vous voulez mettre à jour a été effacé par un autre utilisateur. L’aperçu sera actualisé.	You are trying to update a test which has been deleted by another user. The view will be refreshed.	Sie versuchen, einen Test zu aktualisieren, der von einem anderen Benutzer gelöscht wurde. Die Ansicht wird aktualisiert.
You are trying to add a label to a test which has been deleted by another user. The view will be refreshed.	Le test dont vous voulez ajouter un label a été effacé par un autre utilisateur. L’aperçu sera actualisé.	You are trying to add a label to a test which has been deleted by another user. The view will be refreshed.	Sie versuchen, ein Label zu einem Test hinzuzufügen, der von einem anderen Benutzer gelöscht wurde. Die Ansicht wird aktualisiert.
The test you are trying to check has been deleted by another user. The view will be refreshed.	Le test dont vous voulez verifier a été effacé par un autre utilisateur. L’aperçu sera actualisé.	The test you are trying to check has been deleted by another user. The view will be refreshed.	Der Test, den Sie prüfen wollen, wurde von einem anderen Benutzer gelöscht. Die Ansicht wird aktualisiert.
You are trying to add a testpool to a test which has been deleted by another user. The view will be refreshed.	Vous essayez d'ajouter un testpool à un test qui a été supprimé par un autre utilisateur. L’aperçu sera actualisé.	You are trying to add a testpool to a test which has been deleted by another user. The view will be refreshed.	Sie versuchen, einen Test Pool zu einem Test hinzuzufügen, der von einem anderen Benutzer gelöscht wurde. Die Ansicht wird aktualisiert.
This testpool does already exist. Try using a different name.	Un testpool portant ce nom existe déjà. Essayez d'utiliser un autre nom.	This testpool does already exist. Try using a different name.	Dieser Testpool existiert bereits. Versuchen Sie einen anderen Namen zu vergeben.
You are trying to delete a testpool of a test which has been deleted by another user. The view will be refreshed.	Vous essayez de supprimer un testpool d’un test qui a été supprimé par un autre utilisateur. L’aperçu sera actualisé.	You are trying to delete a testpool of a test which has been deleted by another user. The view will be refreshed.	Sie versuchen, einen Test Pool eines Tests zu bearbeiten, der von einem anderen Benutzer gelöscht wurde. Die Ansicht wird aktualisiert.
A variable with that name does already exist. Please use a different name.	Une variable portant ce nom existe déjà. Essayez d'utiliser un autre nom.	A variable with that name does already exist. Please use another name.	Eine Variable dieses Namens existiert bereits. Wählen Sie einen anderen Namen.
Modify account details	Modifier votre profil	Modify account details	Account Details ändern
There was a problem retrieving this path. Please refresh your browser!	Un problème est survenu lors de la récupération de ce chemin. Veuillez actualiser votre navigateur!	There was a problem retrieving this path. Please refresh your browser!	Auf diesen Pfad kann nicht zugegriffen werden. Bitte laden sie das Browserfenster neu.
Create test takers from CSV-file	Créer des participants à partir du fichier CSV	Create test takers from CSV-file	Teilnehmer von CSV Datei erstellen
Your test takers (logins) have been created successfully!	Vos participants (logins) ont été créés avec succès!	Your test takers (logins) have been created successfully!	Ihre Teilnehmer (Logins) wurden erfolgreich erstellt.
Edit Profile	Modifier mon profil	Edit Profile	Profil bearbeiten
Logout	Se déconnecter	Logout	Abmelden
Modify account details	Modifier les détails de mon compte	Modify account details	Account bearbeiten
Language:	Langue :	Language:	Sprache:
Email Address:	Adresse de messagerie 	Email Address:	Email:
Current Password:	Mot de passe actuel	Current Password:	Aktuelles Passwort:
New Password:	Nouveau mot de passe	New Password:	Neues Passwort:
Confirm New Password:	Confirmez le nouveau mot de passe	Confirm New Password:	Neues Passwort wiederholen:
Update Email	Mettre à jour l'adresse de messagerie	Update Email	Email ändern
Update Password	Mettre à jour le mot de passe	Update Password	Passwort ändern
The new password and new password confirmation values do not match.	La confirmation du nouveau de mot de passe ne correspond pas au nouveau mot de passe.	The new password and new password confirmation values do not match.	Das neue Passwort und die Wiederholung des Passwortes stimmen nicht überein!
No server data returned	Aucune donnée de serveur retournée	No server data returned	Der Server hat keine Daten geliefert.
Exceeded incorrect password attempts. Your account has been disabled. <br><strong>Please contact your system adminstrator to re-enable this account.</strong>	Dépassement des tentatives de mot de passe incorrect. Votre compte a été désactivé. <br> <strong> Veuillez contacter votre administrateur système pour réactiver ce compte. </strong>	Exceeded incorrect password attempts. Your account has been disabled. <br><strong>Please contact your system adminstrator to re-enable this account.</strong>	Zuviele falsche Login Versuche. Ihr Account wurde deaktiviert. <br><strong>Bitte kontaktieren Sie Ihren Administrator um den Account wieder zu aktivieren.</strong>
User is not logged in.	L'utilisateur n'est pas connecté.	User is not logged in.	Benutzer nicht eingeloggt.
Account has been disabled.	Compte a été désactivé.	Account has been disabled.	Account wurde deaktiviert.
Language is not available.	Cette langue n'est pas disponible.	Language is not available.	Diese Sprache steht nicht zur Verfügung.
Language successfully updated.	Langue mise à jour avec succès.	Language successfully updated.	Sprache erfolgreich aktualisiert.
Password successfully updated.	Mot de passe mise à jour avec succès.	Password successfully updated.	Passwort erfolgreich aktualisiert.
Email successfully updated.	Adresse de messagerie mise à jour avec succès.	Email successfully updated.	Email erfolgreich aktualisiert.
Current password same as new password. Password not modified.	Mot de passe actuel identique au nouveau mot de passe. Mot de passe non modifié.	Current password same as new password. Password not modified.	Aktuelles Passwort und neues Passwort stimmen überein. Passwort nicht geändert.
You do not have permission to perform the requested function on this or these object(s). An item or items within this path were found which you may not remove.	Vous n'avez pas l'autorisation d’exécuter la fonction demandée sur ce ou ces objet(s). Un ou plusieurs éléments ont été trouvés sur ce chemin,  que vous ne pouvez pas supprimer.	You do not have permission to perform the requested function on this or these object(s). An item or items within this path were found which you may not remove.	Keine Berechtigung! In diesem Pfad gibt es mindestens ein Element, das Sie nicht entfernen dürfen.
You do not have permission to perform the requested function on this or these object(s)	Vous n'avez pas l'autorisation d’exécuter la fonction demandée sur ce ou ces objet(s).	You do not have permission to perform the requested function on this or these object(s).	Keine Berechtigung! Sie dürfen die gewünschte Funktion auf diesem Objekt oder diesen Objekten nicht ausführen.
There was a problem retrieving this path. Please refresh your browser! If this error message persists inform your administrator.	Un problème est survenu lors de la récupération de ce chemin. Veuillez rafraîchir votre navigateur! Si ce message d'erreur persiste, informez votre administrateur.	There was a problem retrieving this path. Please refresh your browser! If this error message persists inform your administrator.	Dieser Pfad konnte nicht gefunden werden. Laden Sie ihr Browserfenster neu. Wenn der Fehler weiterhin besteht, informieren Sie den Administrator.
One or more test takers you are trying to move have been deleted by another user. The view will be refreshed.	Un ou plusieurs des objets, que vous essayez de copier, ont été effacés. L’aperçu sera actualisé.	One or more test takers you are trying to move have been deleted by another user. The view will be refreshed.	Einer oder mehrere der Teilnehmer, die Sie verschieben wollen, wurde von einem anderen Benutzer gelöscht. Die Ansicht wird aktualisiert.
The test you have selected has been deleted by another user. Please select another test.	Le test que vous avez sélectionné a été supprimé par un autre utilisateur. Veuillez sélectionner un autre test.	The test you have selected has been deleted by another user. Please select another test.	Der Test , den Sie ausgewählt haben, wurde von einem anderen Benutzer gelöscht. Bitte wählen Sie einen anderen Test.
There is a problem with your database structure. Please contact the administrator!	Il y a un problème avec la structure de votre base de données. Veuillez contacter l'administrateur!	There is a problem with your database structure. Please contact the administrator!	Es gibt ein Problem mit Ihrer Datenbankstruktur. Bitte kontaktieren Sie den Administrator.
The test taker you are trying to rename has been deleted by another user. The view will be refreshed.	Le participant dont vous voulez changer le nom a été effacé par un autre utilisateur. L’aperçu sera actualisé.	The test taker you are trying to rename has been deleted by another user. The view will be refreshed.	Der Teilnehmer, den Sie umbenennen wollen, wurde von einem anderen Benutzer gelöscht. Die Ansicht wird aktualisiert.
The test taker you are trying to rename has been moved to a different folder by another user. The new location will be opened.	Le participant dont vous voulez changer le nom a été déplacé par un autre utilisateur. L’aperçu sera actualisé.	The test taker you are trying to rename has been moved to a different folder by another user. The new location will be opened.	Der Teilnehmer, den Sie umbenennen wollen, wurde von einem anderen Benutzer verschoben. Der neue Ort wird geöffnet.
A test taker with that name does already exist. Try using another name.	Un participant portant ce nom existe déjà. Essayez d'utiliser un autre nom.	A test taker with that name does already exist. Try using another name.	Ein Teilnehmer mit diesem Namen existiert bereits. Vergeben Sie einen anderen Namen.
The test taker you are trying to select has been deleted by another user. The view will be refreshed.	Le participant a été effacé par un autre utilisateur. L’aperçu sera actualisé.	The test taker you are trying to select has been deleted by another user. The view will be refreshed.	Der Teilnehmer, den Sie auswählen wollen, wurde von einem anderen Benutzer gelöscht. Die Ansicht wird aktualisiert.
Nothing in the clipboard.	Rien dans le presse-papiers.	Nothing in the clipboard.	Nichts in der Zwischenablage.
Double-click element to open it or select elements to copy or move them!	Double-cliquez sur un élément pour l'ouvrir, ou sélectionnez des éléments pour les copier ou les déplacer !	Double-click element to open it or select elements to copy or move them!	Doppelklick zum Öffnen oder auswählen zum Kopieren oder Verschieben.
Open in folder	Ouvrir dans le dossier	Open in folder	In Ordner öffnen
Copy selection	Copier la sélection	Copy selection	Auswahl kopieren
Cut selection (Move)	Couper la sélection (Déplacer)	Cut selection (Move)	Auswahl ausschneiden (verschieben)
Exit without Saving	Fermer sans enregistrer	Close without Saving	Schließen ohne speichern
Close without Saving	Fermer sans enregistrer	Close without Saving	Schließen ohne speichern
PLEASE SELECT OWNER	VEUILLEZ SÉLECTIONNER UN PROPRIÉTAIRE	PLEASE SELECT OWNER	Eigentümer wählen
The original owner of this folder has been removed.<br>Please select a new owner for this folder.	Le propriétaire de ce dossier a été supprimé. <br> Veuillez sélectionner un nouveau propriétaire pour ce dossier.	The original owner of this folder has been removed.<br>Please select a new owner for this folder.	Der ursprüngliche Eigentümer dieses Ordners wurde gelöscht.<br>Bitte wählen sie einen neuen Eigentümer.
Enable All	Activer tout	Enable All	Alle aktivieren
Disable All	Désactiver tout	Disable All	Alle deaktivieren
Test page has been deleted!	La page de test a été supprimée !	Test page has been deleted!	Testseite wurde gelöscht!
Test page has been deleted. Please remove!	Le page de test a été effacé. Veuillez le retirer !	Test page has been deleted. Please remove!	Testseite wurde gelöscht! Bitte entfernen!
link stimulus:	"Relier stimulus&nbsp;:"	link stimulus:	Stimulus verknüpfen:
Linked stimulus	Stimulus relié	Linked stimulus	Verknüpfter Stimulus
page id:	"id de la page&nbsp;:"	page id:	Seiten-ID:
page name:	"nom de la page&nbsp;:"	page name:	Seitenname:
page code:	"code de la page&nbsp;:"	page code:	Seitencode:
no language	Pas de langue	no language	Keine Sprache
no stimulus	Pas de stimulus	no stimulus	Kein Stimulus
DISABLE	Désactiver :	DISABLE	Deaktivieren:
ENABLE	Activer :	ENABLE	Aktivieren:
change language	changer la langue	change language	Sprache wechseln
insert media element	insérer un élément média	insert media element	Medienelement einfügen
edit contents	éditer le contenu	edit contents	Inhalte bearbeiten
clone language block as new language	cloner le bloc de langue en une nouvelle langue	clone language block as new language	Sprachblock als neue Sprache klonen.
delete language block	supprimer le bloc de langue	delete language block	Sprachblock löschen.
set label	définir l'étiquette	set label	Label setzen
new field	nouveau champ	new field	Neues Feld
yes	qui	yes	ja
no	non	no	nein
Testpool has been deleted!	Le pool de test a été effacé !	Testpool has been deleted!	Testpool gelöscht!
Test has been deleted!	Le test a été effacé !	Test has been deleted!	Test gelöscht!
DE	Allemand	German	Deutsch
EN	Anglais	English	Englisch
FR	Français	French	Französisch
LU	Luxembourgeois	Luxembourgish	Luxemburgisch
No choices available	Aucun choix disponible	No choices available	Keine Auswahl vorhanden
You have not saved your permisison changes! Do you wish to continue editing, or exit?	Vous n'avez pas sauvegardé vos changements de permission ! Voulez-vous continuer à modifier, ou quitter ?	You have not saved your permisison changes! Do you wish to continue editing, or exit?	Sie haben Ihre Änderungen nicht gespeichert! Wollen Sie die Bearbeitung fortsetzen oder beenden?
Assign new language	Attribuer une nouvelle langue	Assign new language	Neue Sprache zuordnen
Overrides	Overrides	Overrides	Sonderregeln
as test	Comme test	as test	Wie Test
no data yet	Aucune donnée	no data yet	Keine Daten
Import aborted. The following logins (Test takers) do already exist:	Importation interrompue. Les logins suivants (Test takers) existent déjà :	Import aborted. The following logins (Test takers) do already exist:	Import abgebrochen! Folgende Teilnehmer existieren bereits:
Please choose another naming! Logins (Test takers) within your chosen name range do already exist:	Veuillez choisir un autre nom ! Les noms d'utilisateurs (Test takers) au sein de la série de noms choisis existent déjà  :	Please choose another naming! Logins (Test takers) within your chosen name range do already exist:	Bitte wählen Sie eine andere Namensgebung! Es gibt bereits Teilnehmer innerhalb des gewählten Musters:
<p><strong>The following files could not be uploaded, as they are too big:</strong></p>%@<p>The maximum is set to %@ on this server. Please contact your administrator to change this setting if necessary.</p>	<p><strong>Les fichiers suivants n'ont pas pu être téléchargés, car ils sont trop gros:</strong></p>%@<p>Le maximum est fixé à %@ sur ce serveur. Veuillez contacter votre administrateur pour modifier ce paramètre si nécessaire.</p>	<p><strong>The following files could not be uploaded, as they are too big:</strong></p>%@<p>The maximum is set to %@ on this server. Please contact your administrator to change this setting if necessary.</p>	<p><strong>Folgende Dateien konnten nicht hochgeladen werden, weil sie zu groß sind:</strong></p>%@<p>Die maximale Größe ist auf diesem Server auf %@ gesetzt. Bitte wenden Sie sich an Ihren Administrator.</p>
The following file(s) could not be uploaded, as they do not match one of the accepted file formats:	Le ou les fichiers suivants n'ont pas pu être téléchargés, car ils ne correspondent pas à l'un des formats de fichiers acceptés :	The following file(s) could not be uploaded, as they do not match one of the accepted file formats:	Folgende Datei(en) konnten nicht hochgeladen werden, weil sie keinem der zulässigen Dateiformate entsprechen:
Please drop file here!	Veuillez déposer le fichier ici ! 	Please drop file here!	Datei hier ablegen
Your browser does not support asynchronous uploads. Please update to the newest version!	Votre navigateur ne prend pas en charge les téléchargements asynchrones. Veuillez vous mettre à jour avec la dernière version !	Your browser does not support asynchronous uploads. Please update to the newest version!	Ihr Browser unterstützt keine asynchronen Uploads. Bitte machen Sie ein Update auf die neueste Version!
Please upload only one file at a time!	Veuillez ne télécharger qu'un seul fichier à la fois !	Please upload only one file at a time!	Bitte laden Sie immer nur eine Datei hoch!
"The server sent the following error message for file ""%@"": %@"	"Le serveur a envoyé le message d'erreur suivant pour le fichier ""%@"" : %@"	"The server sent the following error message for file ""%@"": %@"	"Der Server gibt folgende Fehlermeldung für die Datei ""%@"" zurück: %@"
"There was a problem reading the file ""%@"":<br><br>%@"	"La lecture du fichier ""%@"" a rencontré un problème :<br><br>%@"	"There was a problem reading the file ""%@"":<br><br>%@"	"Es gab ein Problem beim Lesen der Datei ""%@"":<br><br>%@"
Error: %@	Erreur : %@	Error: %@	Fehler: %@
Alert	Alerte	Alert	Achtung
hide player interface	masquer l'interface du lecteur	hide player interface	Player-Oberfläche unsichtbar machen (nur Ton).
Image options:	Options d'image :	Image options:	Bild Optionen:
Vertical alignment:	Alignement vertical :	Vertical alignment:	Vertikale Ausrichtung:
baseline (default)	Ligne de base (par défaut)	baseline (default)	Grundlinie (standard)
top	Haut	top	Oben
middle	Milieu	middle	Mitte
bottom	Bas	bottom	Unten
The page group you are trying to select has been deleted by another user. The view will be refreshed.	Le groupe de pages que vous essayez de sélectionner a été supprimé par un autre utilisateur. La visualisation va être rafraîchie.	The page group you are trying to select has been deleted by another user. The view will be refreshed.	Die Seitengruppe, die Sie auszuwählen versuchen, wurde von einem anderen Benutzer gelöscht. Die Ansicht wird aktualisiert.
Hide time out message	Masquer le message de fin de temps	Hide time out message	Keine Timeout Nachricht
User profile	Profil de l'utilisateur	User profile	Benutzerprofil
WARNING: This is an insecure password. It is recommended to use a mix of capital, lower, and numeric values with at least 8 characters, or a minimum of any 12 characters.	ATTENTION : Il s'agit d'un mot de passe non sécurisé. Il est recommandé d'utiliser un mélange de majuscules, de minuscules et de valeurs numériques avec au moins 8 caractères, ou un minimum de 12 caractères.	WARNING: This is an insecure password. It is recommended to use a mix of capital, lower, and numeric values with at least 8 characters, or a minimum of any 12 characters.	Warnung: Dies ist ein unsicheres Passwort. Es wird empfohlen einen Mix aus Großbuchstaben, Kleinbuchstaben und Ziffern mit nicht weniger als 8 Zeichen oder 12 beliebige Zeichen zu wählen.
WARNING: New password confirmation value does not match new password value.	ATTENTION : La valeur de confirmation du nouveau mot de passe ne correspond pas à la valeur du nouveau mot de passe.	WARNING: New password confirmation value does not match new password value.	Warnung: Neues Passwort und Passwortbestätigung stimmen nicht überein.
New password may not exceed 50 characters in length.	Le nouveau mot de passe ne doit pas dépasser 50 caractères.	New password may not exceed 50 characters in length.	Das neue Passwort darf nicht mehr als 50 Zeichen lang sein.
Edit email address	Modifier l'adresse électronique	Edit email address	Email Adresse bearbeiten
Error: missing parameter '$key'!	Erreur : paramètre '$key' manquant !	Error: missing parameter '$key'!	Fehler: Fehlender Parameter '$key'
Unable to generate random session ID string:	Impossible de générer une chaîne d'identification de session aléatoire :	Unable to generate random session ID string:	Zufällige Session ID String konnte nicht erzeugt werden:
User has been successfully logged in.	L'utilisateur a été connecté.	User has been successfully logged in.	Benutzer erfolgreich angemeldet.
User has been logged out.	L'utilisateur a été déconnecté.	User has been logged out.	Benutzer abgemeldet.
Invalid password change input data.	Données non valides lors de la modification du mot de passe.	Invalid data on password modification.	Ungültige Daten bei der Änderung des Passworts.
Session not valid.	Session non valide.	Session not valid.	Session ungültig.
Bad or missing input value(s)	Valeur(s) d'entrée incorrecte(s) ou manquante(s)	Bad or missing input value(s)	Schlechte oder fehlende Eingabewerte
Cannot assign new password. New password does not match confirmation value.	Impossible d'attribuer un nouveau mot de passe. Le nouveau mot de passe ne correspond pas à la valeur de confirmation.	Cannot assign new password. New password does not match confirmation value.	Das neue Passwort kann nicht zugewiesen werden. Passwort und Bestätigung stimmen nicht überein.
Cannot assign new password. Current password is not correct.	Impossible d'attribuer un nouveau mot de passe. Le mot de passe actuel n'est pas correct.	Cannot assign new password. Current password is not correct.	Das neue Passwort kann nicht zugewiesen werden. Das aktuelle Passwort ist nicht korrekt.
Password exceeded maximum allowable length (50 characters).	Le mot de passe a dépassé la longueur maximale autorisée (50 caractères).	Password exceeded maximum allowable length (50 characters).	Passwort überschreitet die maximale Länge von 50 Zeichen.
Couldn't connect to LDAP service.	Impossible de se connecter au service LDAP.	Couldn't connect to LDAP service.	Konnte nicht mit LDAP Dienst verbinden.
Couldn't bind to LDAP as application user.	Impossible de se lier au LDAP en tant qu'utilisateur d'application.	Couldn't bind to LDAP as application user.	Konnte nicht mit LDAP als Anwendungsbenutzer verbinden.
Search on LDAP failed.	La recherche dans le LDAP a échoué.	Search on LDAP failed.	Suche auf LDAP fehlgeschlagen.
Couldn't pull search results from LDAP.	Impossible d'extraire les résultats de recherche du LDAP.	Couldn't pull search results from LDAP.	Konnte keine Suchergebnisse von LDAP beziehen.
Username not found on LDAP.	Nom d'utilisateur non trouvé dans le LDAP.	Username not found on LDAP.	Benutzername auf LDAP nicht gefunden.
Username found more than once on LDAP.	Nom d'utilisateur trouvé plus d'une fois dans le LDAP.	Username found more than once on LDAP.	Benutzername auf LDAP mehrfach gefunden.
Account password has expired.	Le mot de passe du compte a expiré.	Account password has expired.	Account Passwort abgelaufen.
Your account is not a assigned to any user groups. Please contact the administrator if you need to work within OASYS.	Votre compte n'est attribué à aucun groupe d'utilisateurs. Veuillez contacter l'administrateur si vous avez besoin de travailler dans OASYS.	Your account is not a assigned to any user groups. Please contact the administrator if you need to work within OASYS.	Ihr Account ist keiner Benutzergruppe zugeordnet. Bitte wenden Sie sich an den Administrator wenn Sie in OASYS arbeiten müssen.
No Folder Owner Found	Propriétaire de dossier supprimé.	No Folder Owner Found	Besitzer des Ordners nicht gefunden.
content	contenu	content	Content
Content:	Contenu:	Content:	Content:
Pages	Pages	Pages	Seiten
browsing page groups	Parcourir des groupes de pages	browsing page groups	Gruppen durchsuchen
Close page	Fermer la page	Close page	Seite schließen
Edit page group	Modifier le groupe	Edit page group	Gruppe bearbeiten
Edit page	Modifier la page	Edit page	Seite bearbeiten
Duplicate page group	Dupliquer le groupe	Duplicate page group	Gruppe duplizieren
Duplicate page	Dupliquer la page	Duplicate page	Seite duplizieren
Preview page group	Aperçu du groupe	Preview page group	Vorschau Gruppe
Preview page	Aperçu de la page	Preview page	Vorschau Seite
Page Groups	Groupes de pages	Page Groups	Seitengruppen
page groups	groupes de pages	page groups	Seitengruppen
page group	Groupe de pages	page group	Seitengruppe
New page	Nouvelle page	New page	Neue Seite
Page Properties	Propriétés de page	Page Properties	Seiten Eigenschaften
Rename page group	Renommer le groupe	Rename page group	Gruppe umbenennen
And a new code:	Et un nouveau code :	And a new code:	Und einen neuen Code:
Edit name and code	Modifier le nom et le code	Edit name and code	Name und Code bearbeiten
New page group	Nouveau groupe	New page group	Neue Gruppe
editing page	édition de page	editing page	Editieren einer Seite
Are you sure you want to delete the interaction?	Êtes-vous sûr de vouloir supprimer l'interaction ?	Are you sure you want to delete the interaction?	Sind Sie sicher, dass Sie die Interaktion löschen wollen?
No valid session was found. Please log in again.	Aucune session valide n'a été trouvé. Reconnectez vous s.v.p.	No valid session was found. Please log in again.	Keine gültige Session wurde gefunden. Bitte loggen Sie sich neu ein.
Click string to edit other languages	Cliquer pour modifier les langues	Click string to edit other languages	Klicken um Sprachen zu bearbeiten
* No strings found, click here to add. *	* Aucun texte trouvé, cliquez ici pour l’ajouter ! *	* No strings found, click here to add! *	* Kein Variablen-Text gefunden, klicken Sie bitte hier!  *
<br>A target subfolder already exists on which you do not have write permissions.	<br>Un sous-dossier cible existe déjà sur lequel vous ne disposez pas des autorisations d’écriture.	<br>A target subfolder already exists on which you do not have write permissions.	<br>Es ist bereits ein Zielunterordner vorhanden, für den Sie keine Schreibberechtigung haben.
You are trying to add a password to a test taker which has been deleted by another user. The view will be refreshed.	Vous essayez d'ajouter un mot de passe à un participant qui a été supprimé par un autre utilisateur. La visualisation va être rafraîchie. 	You are trying to add a password to a test taker which has been deleted by another user. The view will be refreshed.	Sie versuchen, einem Teilnehmer, der von einem anderen Benutzer gelöscht wurde, ein Kennwort hinzuzufügen. Die Ansicht wird aktualisiert.
You are trying to delete a password of a test taker which has been deleted by another user. The view will be refreshed.	Vous essayez de supprimer le mot de passe d'un participant qui a été supprimé par un autre utilisateur. La visualisation va être rafraîchie.	You are trying to delete a password of a test taker which has been deleted by another user. The view will be refreshed.	Sie versuchen, ein Passwort eines Teilnehmers zu löschen, das von einem anderen Benutzer gelöscht wurde. Die Ansicht wird aktualisiert.
The test taker you are trying to select has been moved to a different folder by another user. The new location will be opened.	Le participant que vous essayez de sélectionner a été déplacé vers un autre dossier par un autre utilisateur. Le nouvel emplacement va être ouvert.	The test taker you are trying to select has been moved to a different folder by another user. The new location will be opened.	Der Teilnehmer, den Sie auswählen möchten, wurde von einem anderen Benutzer in einen anderen Ordner verschoben. Der neue Standort wird geöffnet.
The test taker you are trying to edit has been deleted by another user. The view will be refreshed.	Le participant que vous essayez de modifier a été supprimé par un autre utilisateur. La visualisation va être rafraîchie.	The test taker you are trying to edit has been deleted by another user. The view will be refreshed.	Der Teilnehmer, den Sie bearbeiten möchten, wurde von einem anderen Benutzer gelöscht. Die Ansicht wird aktualisiert.
This password has been deleted by another user. Leaving edit mode.	Ce mot de passe a été supprimé par un autre utilisateur. Quitter le mode d'édition.	This password has been deleted by another user. Leaving edit mode.	Dieses Passwort wurde von einem anderen Benutzer gelöscht. Bearbeitungsmodus verlassen.
You are trying to add a test for a test taker which has been deleted by another user. Leaving edit mode.	Vous essayez d'ajouter un test pour un participant qui a été supprimé par un autre utilisateur. Quitter le mode d'édition.	You are trying to add a test for a test taker which has been deleted by another user. Leaving edit mode.	Sie versuchen, einen Test für einen Teilnehmer hinzuzufügen, der von einem anderen Benutzer gelöscht wurde. Bearbeitungsmodus verlassen.
You are trying to add a test to a password which has been deleted by another user. Leaving edit mode.	Vous essayez d'ajouter un test à un mot de passe qui a été supprimé par un autre utilisateur. Quitter le mode d'édition.	You are trying to add a test to a password which has been deleted by another user. Leaving edit mode.	Sie versuchen, ein Passwort, das von einem anderen Benutzer gelöscht wurde, einen Test hinzuzufügen. Bearbeitungsmodus verlassen.
You are trying to edit a test taker which has been deleted by another user. Leaving edit mode.	Vous essayez de modifier un participant qui a été supprimé par un autre utilisateur. Quitter le mode d'édition.	You are trying to edit a test taker which has been deleted by another user. Leaving edit mode.	Sie versuchen, einen Teilnehmer zu bearbeiten, der von einem anderen Benutzer gelöscht wurde. Bearbeitungsmodus verlassen.
You are trying to delete results of a test taker which has been deleted by another user. The view will be refreshed.	Vous essayez de supprimer les résultats d'un participant qui a été supprimé par un autre utilisateur. La visualisation va être rafraîchie.	You are trying to delete results of a test taker which has been deleted by another user. The view will be refreshed.	Sie versuchen, die Ergebnisse eines Teilnehmers zu löschen, der von einem anderen Benutzer gelöscht wurde. Die Ansicht wird aktualisiert.
You are trying to delete results of a password which has been deleted by another user. The view will be refreshed.	Vous essayez de supprimer les résultats d'un mot de passe qui a été supprimé par un autre utilisateur. La visualisation va être rafraîchie.	You are trying to delete results of a password which has been deleted by another user. The view will be refreshed.	Sie versuchen, Ergebnisse eines Passworts zu löschen, das von einem anderen Benutzer gelöscht wurde. Die Ansicht wird aktualisiert.
You are trying to delete results of a tests belonging to a password which has been deleted by another user. The view will be refreshed.	Vous essayez de supprimer les résultats d'un test appartenant à un mot de passe qui a été supprimé par un autre utilisateur. La visualisation va être rafraîchie.	You are trying to delete results of a tests belonging to a password which has been deleted by another user. The view will be refreshed.	Sie versuchen, die Ergebnisse eines Tests zu löschen, der zu einem Kennwort gehört, das von einem anderen Benutzer gelöscht wurde. Die Ansicht wird aktualisiert.
The folder where you are trying to create the test takers has been deleted by another user. Operation aborted.	Le dossier dans lequel vous essayez de créer les participants au test a été supprimé par un autre utilisateur. Opération annulée.	The folder where you are trying to create the test takers has been deleted by another user. Operation aborted.	Der Ordner, in dem Sie versuchen, die Teilnehmer zu erstellen, wurde von einem anderen Benutzer gelöscht. Vorgang abgebrochen.
The test taker you are trying to check has been deleted by another user. The view will be refreshed.	Le participant que vous essayez de vérifier a été supprimé par un autre utilisateur. La visualisation va être rafraîchie.	The test taker you are trying to check has been deleted by another user. The view will be refreshed.	Der Teilnehmer, den Sie überprüfen möchten, wurde von einem anderen Benutzer gelöscht. Die Ansicht wird aktualisiert.
All days	Tous les jours	All days	Alle Tage
Bad input request data detected.	Mauvaises données de demande d'entrée détectées.	Bad input request data detected.	Eingabe fehlerhafter Anforderungsdaten erkannt.
Cancel	Annuler	Cancel	Abbrechen
Could not determine section referral source.	Impossible de déterminer la source de référence de la section.	Could not determine section referral source.	Die Bezugsquelle der aufgerufenen Sektion kann nicht ermittelt werden.
Could not process test item permissions.	Impossible de traiter les autorisations de l'élément de test.	Could not process test item permissions.	Die Berechtigungen für die Testelemente konnten nicht verarbeitet werden.
Daily time restriction	Restriction horaire quotidienne	Daily time restriction	Tägliche Zeitbeschränkung
Date restriction	Restriction de date	Date restriction	Datumseinschränkung
"Define the date range where the test will be accessible. You can set a ""start"" and an optional ""end"" date and time."	"Définissez la plage de dates à laquelle le test sera accessible. Vous pouvez définir une date et une heure de ""début"" et une date et une heure de ""fin"" facultatives."	"Define the date range where the test will be accessible. You can set a ""start"" and an optional ""end"" date and time."	"Definieren Sie den Datumsbereich, in dem der Test zugänglich sein soll. Sie können ein ""Start""- und ein optionales ""End""-Datum und Uhrzeit festlegen."
Delete end date	Supprimer la date de fin	Delete end date	Enddatum löschen
Delete restriction	Supprimer la restriction	Delete restriction	Einschränkung löschen
Edit daily time restriction	Modifier la restriction horaire quotidienne	Edit daily time restriction	Tägliche Zeitbeschränkung bearbeiten
Edit date restriction	Restriction de la date d'édition	Edit date restriction	Datumseinschränkung bearbeiten
Edit testing days restriction	Modifier la restriction des jours d'essai	Edit testing days restriction	Einschränkung der Testtage bearbeiten
Force logoff on inactive test	Forcer la déconnexion sur un test inactif	Force logoff on inactive test	Abmeldung bei inaktivem Test erzwingen
Fri	Ven	Fri	Fr
from	de	from	von
Global permission schema changes synchronized to permission entries.	Les modifications du schéma d'autorisation global sont synchronisées avec les entrées d'autorisation.	Global permission schema changes synchronized to permission entries.	Änderungen am globalen Berechtigungsschema werden mit den Berechtigungseinträgen synchronisiert.
Illegal input detected! Aborting Request.	Entrée illégale détectée ! Abandon de la demande.	Illegal input detected! Aborting Request.	Unzulässige Eingabe erkannt! Abbruch der Anfrage.
infinite	infini	infinite	unendlich
JSON permission schema file not valid. It may have been incorrectly updated. Please report to Oasys Administrator.	Le fichier de schéma d'autorisation JSON n'est pas valide. Il a peut-être été mis à jour de manière incorrecte. Veuillez le signaler à l'administrateur Oasys.	JSON permission schema file not valid. It may have been incorrectly updated. Please report to Oasys Administrator.	JSON-Berechtigungsschema-Datei nicht gültig. Möglicherweise wurde sie falsch aktualisiert. Bitte melden Sie dies dem Oasys-Administrator.
Mon	Lun	Mon	Mo
Move the sliders to set the start and end time of the daily test time restriction. Outside of this daily range, test takers will not be able to run the test.	Déplacez les curseurs pour définir l'heure de début et de fin de la restriction horaire quotidienne du test. En dehors de cette plage quotidienne, les candidats ne pourront pas effectuer le test.	Move the sliders to set the start and end time of the daily test time restriction. Outside of this daily range, test takers will not be able to run the test.	Bewegen Sie die Schieberegler, um die Start- und Endzeit der täglichen Testzeitbeschränkung einzustellen. Außerhalb dieses täglichen Bereichs können die Testteilnehmer den Test nicht durchführen.
No test data found to process.	Aucune donnée d'essai trouvée à traiter.	No test data found to process.	Es wurden keine Testdaten zur Verarbeitung gefunden.
Not set	Non défini	Not set	Nicht gesetzt
Page referrer token not found.	Le jeton de référence de la page n'a pas été trouvé	Page referrer token not found.	Seitenverweis-Token nicht gefunden.
Password reset on non-local account type not allowed.	La réinitialisation du mot de passe sur un type de compte non local n'est pas autorisée.	Password reset on non-local account type not allowed.	Kennwortrücksetzung bei nicht lokalem Kontotyp nicht erlaubt.
Permission	Permission	Permission	Berechtigung
Permission[2] JSON schema file is invalid. Please report to Oasys Administrator.	Permission[2] Le fichier de schéma JSON est invalide. Veuillez le signaler à l'administrateur Oasys.	Permission[2] JSON schema file is invalid. Please report to Oasys Administrator.	Permission[2] JSON-Schemadatei ist ungültig. Bitte melden Sie dies dem Oasys-Administrator.
Please manually check standard permission rights on these user accounts.	Veuillez vérifier manuellement les droits d'autorisation standard sur ces comptes d'utilisateur.	Please manually check standard permission rights on these user accounts.	Bitte überprüfen Sie manuell die Standardberechtigungen auf diesen Benutzerkonten.
Recorded data found!	Données enregistrées trouvées !	Recorded data found!	Aufgezeichnete Daten gefunden!
Sat	Sam	Sat	Sa
Set end date	Fixer la date de fin	Set end date	Enddatum einstellen
Structure not found for test taker ID.	Structure non trouvée pour l'ID du candidat au test.	Structure not found for test taker ID.	Struktur für Testteilnehmer-ID nicht gefunden.
Sun	Dim	Sun	So
Test active	Test actif	Test active	Test aktiv
Testing days	Jours d'essai	Testing days	Testtage
The following user entries did not have any general access definitions and were automatically repaired.	Les entrées utilisateur suivantes n'avaient pas de définitions d'accès général et ont été réparées automatiquement.	The following user entries did not have any general access definitions and were automatically repaired.	Die folgenden Benutzereinträge hatten keine allgemeinen Zugriffsdefinitionen und wurden automatisch repariert.
Thu	Jeu	Thu	Do
Time:	Heure :	Time:	Zeit:
to	à	to	bis
Tue	Mar	Tue	Di
To:	À:	To:	Bis:
Unable to load item data values for permission handling.	Impossible de charger les valeurs de données des éléments pour la gestion des autorisations.	Unable to load item data values for permission handling.	Datenwerte für die Rechteverwaltung können nicht geladen werden.
Unable to set internal variables based on module referral.	Impossible de définir les variables internes en fonction de la référence du module.	Unable to set internal variables based on module referral.	Interne Variablen können aufgrund einer Modulreferenz nicht gesetzt werden.
Unauthorized action on admin user without elevated privileges.	Action non autorisée sur l'utilisateur admin sans privilèges élevés.	Unauthorized action on admin user without elevated privileges.	Unerlaubte Aktion des Admin-Benutzers ohne erhöhte Berechtigungen.
Unauthorized action on own account.	Action non autorisée sur son propre compte.	Unauthorized action on own account.	Unbefugtes Handeln auf eigenem Benutzerkonto.
Unauthorized action on superadmin user.	Action non autorisée sur l'utilisateur superadmin.	Unauthorized action on superadmin user.	Unerlaubte Aktion auf Superadmin-Benutzer.
Unauthorized new user creation attempt in admin group.	Tentative de création d'un nouvel utilisateur non autorisé dans le groupe admin.	Unauthorized new user creation attempt in admin group.	Unerlaubter Versuch, einen neuen Benutzer in der Admin-Gruppe anzulegen.
Unauthorized new user creation attempt in superadmin group.	Tentative de création d'un nouvel utilisateur non autorisé dans le groupe superadmin.	Unauthorized new user creation attempt in superadmin group.	Unerlaubter Versuch, einen neuen Benutzer in der Superadmin-Gruppe anzulegen.
Unauthorized operation attempted.	Tentative d'opération non autorisée.	Unauthorized operation attempted.	Unerlaubter Vorgang.
Unauthorized operation. You may not edit the admin editor access list.	Opération non autorisée. Vous ne pouvez pas modifier la liste d'accès de l'éditeur admin.	Unauthorized operation. You may not edit the admin editor access list.	Unerlaubter Vorgang. Sie dürfen die Zugriffsliste eines Admin-Accounts nicht bearbeiten.
Unauthorized user deletion attempt detected.	Tentative de suppression d'un utilisateur non autorisé détectée.	Unauthorized user deletion attempt detected.	Unerlaubter Benutzerlöschversuch erkannt.
On all selected days, test takers will be able to run the test. Unselect the week days the test should not be active and accessible.	Sur tous les jours sélectionnés, les candidats pourront effectuer le test. Désélectionnez les jours de la semaine où le test ne doit pas être actif et accessible. 	On all selected days, test takers will be able to run the test. Unselect the week days the test should not be active and accessible.	An allen ausgewählten Tagen können die Testteilnehmer den Test durchführen. Deselektieren Sie die Wochentage, an denen der Test nicht aktiv sein soll.
Updated user settings.	Mise à jour des paramètres utilisateur.	Updated user settings.	Benutzereinstellungen aktualisiert.
Valid from:	Valable à partir de :	Valid from:	Gültig von:
Validity	Validité	Validity	Gültigkeit
Wed	Mer	Wed	Mi
You are not allowed to perform this operation on this item.	Vous n'êtes pas autorisé à effectuer cette opération sur cet item.	You are not allowed to perform this operation on this item.	Sie dürfen diesen Vorgang für dieses Element nicht durchführen.
You may not inherit permissions from the root folder.	Vous ne pouvez pas hériter des permissions du dossier racine.	You may not inherit permissions from the root folder.	Sie dürfen keine Berechtigungen vom Stammordner erben.
Your account is not authorized to perform the requested action.	Votre compte n'est pas autorisé à effectuer l'action demandée.	Your account is not authorized to perform the requested action.	Ihr Konto ist nicht berechtigt, die angeforderte Aktion durchzuführen.
page	page	page	Seite
Error: no language selected!	Erreur : aucune langue sélectionnée !	Error: no language selected!	Fehler: keine Sprache ausgewählt!
scoring	notation	scoring	Punktevergabe
textfield	champ de texte	textfield	Textfeld
scripting	scripting	scripting	Skripting
question	question	question	Frage
interaction id	id d'interaction	interaction id	Interaktions-ID
options	options	options	Optionen
mandatory field	champ obligatoire	mandatory field	Pflichtfeld
textfield size	taille du champ de texte	textfield size	Textfeldgröße
small	petit	small	klein
medium	moyen	medium	mittel
large	grand	large	groß
extra large	très grand	extra large	extra groß
custom	personnalisé	custom	benutzerdefiniert
text alignment	alignement du texte	text alignment	Textausrichtung
left	gauche	left	links
center	centre	center	mittig
right	droite	right	rechts
input filter	filtre d'entrée	input filter	Eingabefilter
none	aucun	none	keine
a single letter	une seule lettre	a single letter	ein einzelner Buchstabe
numbers (single digit)	nombres (un seul chiffre)	numbers (single digit)	Zahlen (einstellig)
numbers (integer, positive)	nombres (entiers, positifs)	numbers (integer, positive)	Zahlen (ganzzahlig, positiv)
numbers (integer)	nombres (entiers)	numbers (integer)	Zahlen (ganzzahlig)
numbers (decimal, positive)	nombres (décimaux, positifs)	numbers (decimal, positive)	Zahlen (dezimal, positiv)
numbers (decimal)	nombres (décimaux)	numbers (decimal)	Zahlen (dezimal)
date (DD.MM.YYYY)	date (JJ.MM.AAAA)	date (DD.MM.YYYY)	Datum (TT.MM.JJJJ)
export as global variable	exporter comme variable globale	export as global variable	Export als globale Variable
a variable name cannot start with a dollar sign or an underscore	Un nom de variable ne peut pas commencer par un signe dollar ou un trait de soulignement	a variable name cannot start with a dollar sign or an underscore	Ein Variablenname darf nicht mit einem Dollarzeichen oder einem Unterstrich beginnen
an interaction id cannot start with an underscore	Une ID d'interaction ne peut pas commencer par un trait de soulignement	an interaction id cannot start with an underscore	Eine Interaktions-ID darf nicht mit einem Unterstrich beginnen
visibility condition	condition de visibilité	visibility condition	Sichtbarkeitsbedingung
answer processing	traitement des réponses	answer processing	Antwortverarbeitung
manual	manuel	manual	manuell
automatic	automatique	automatic	automatisch
maximum points	points maximums	maximum points	maximale Punkte
answers are case sensitive	les réponses sont sensibles à la casse	answers are case sensitive	Antworten unterscheiden Groß- und Kleinschreibung
initial points	points initiaux	initial points	Anfangspunkte
correct answer	bonne réponse	correct answer	richtige Antwort
wrong answer	mauvaise réponse	wrong answer	falsche Antwort
missing answer	réponse manquante	missing answer	fehlende Antwort
correct answers	réponses correctes	correct answers	richtige Antworten
Ok	Ok	Ok	Ok
Language cannot be deleted. Every page requires to have at least one language.	La langue ne peut pas être supprimée. Chaque page doit comporter au moins une langue.	Language cannot be deleted. Every page requires to have at least one language.	Sprache kann nicht gelöscht werden. Jede Seite muss mindestens eine Sprache haben.
Discard	Rejeter	Discard	Verwerfen
There are unsaved changes! Do you want to save or discard the changes before closing the editor?	Il y a des modifications non sauvegardées ! Voulez-vous enregistrer ou ignorer les modifications avant de fermer l'éditeur ?	There are unsaved changes! Do you want to save or discard the changes before closing the editor?	Es gibt ungespeicherte Änderungen! Wollen Sie die Änderungen vor dem Schließen des Editors speichern oder verwerfen?
Unsaved changes	Modifications non sauvegardées	Unsaved changes	Ungespeicherte Änderungen
Change language	Changer la langue	Change language	Sprache ändern
choose language	choisir la langue	choose language	Sprache wählen
Modify current language to:	Modifier la langue actuelle vers  :	Modify current language to:	Aktuelle Sprache ändern in:
swap contents	échanger le contenu	swap contents	Inhalte austauschen
The chosen language already exists in this page. Would you like to swap the contents of both languages?	La langue choisie existe déjà dans cette page. Voulez-vous échanger le contenu des deux langues ?	The chosen language already exists in this page. Would you like to swap the contents of both languages?	Die gewählte Sprache ist auf dieser Seite bereits vorhanden. Möchten Sie die Inhalte der beiden Sprachen austauschen?
Swap contents	Échanger le contenu	Swap contents	Inhalte austauschen
You have reached the maximum number of allowed folder levels in the file manager. It is not possible to create a folder here!	Vous avez atteint le nombre maximum de niveaux de dossiers autorisés dans le gestionnaire de fichiers. Il n'est pas possible de créer un dossier ici !	You have reached the maximum number of allowed folder levels in the file manager. It is not possible to create a folder here!	Sie haben die maximale Anzahl der erlaubten Ordnerebenen im Dateimanager erreicht. Es ist nicht möglich, hier einen Ordner anzulegen!
Edit folder permissions for:	Modifier les permissions des dossiers pour :	"Edit folder permissions for:
"	Bearbeiten Sie die Ordnerberechtigungen für:
OWNER	PROPRIÉTAIRE	OWNER	EIGENTÜMER
PERMISSIONS	PERMISSIONS	PERMISSIONS	BERECHTIGUNGEN
ACCESS RIGHTS	DROITS D'ACCÈS	"ACCESS RIGHTS
"	ZUGRIFFSRECHTE
textarea	Zone de texte	textarea	Textarea
textarea size	taille de la zone de texte	textarea size	Textarea-Größe
resizability	redimensionnement	resizability	Größenänderbarkeit
fixed size	taille fixe	fixed size	feste Größe
horizontal	horizontal	horizontal	horizontal
vertical	vertical	vertical	vertikal
both	les deux	both	beide
The page has been deleted by another user. The view will be refreshed.	La page a été supprimée par un autre utilisateur. La vue va être actualisée.	The page has been deleted by another user. The view will be refreshed.	Die Testseite wurde von einem anderen Benutzer gelöscht. Die Ansicht wird aktualisiert.
A page group with that name already exists in the current folder. Try using another name.	Un groupe de pages portant ce nom existe déjà dans le dossier actuel. Veuillez utiliser un autre nom.	A page group with that name already exists in the current folder. Try using another name.	Eine Seitengruppe mit diesem Namen existiert bereits im aktuellen Ordner. Versuchen Sie, einen anderen Namen zu verwenden.
The page you are trying to edit has been deleted by another user. The view will be refreshed.	La page que vous essayez de modifier a été supprimée par un autre utilisateur. La vue va être actualisée.	The page you are trying to edit has been deleted by another user. The view will be refreshed.	Die Testseite, die Sie zu bearbeiten versuchen, wurde von einem anderen Benutzer gelöscht. Die Ansicht wird aktualisiert.
The page group has been deleted by another user. The view will be refreshed.	Le groupe de pages a été supprimé par un autre utilisateur. La vue va être actualisée.	The page group has been deleted by another user. The view will be refreshed.	Die Seitengruppe wurde von einem anderen Benutzer gelöscht. Die Ansicht wird aktualisiert.
The page group has been moved to a different folder by another user. The view will be refreshed.	Le groupe de pages a été déplacé dans un autre dossier par un autre utilisateur. La vue va être actualisée.	The page group has been moved to a different folder by another user. The view will be refreshed.	Die Seitengruppe wurde von einem anderen Benutzer in einen anderen Ordner verschoben. Die Ansicht wird aktualisiert.
A folder with that name already exists. Try using another name.	Un dossier portant ce nom existe déjà. Veuillez utiliser un autre nom.	A folder with that name already exists. Try using another name.	Ein Ordner mit diesem Namen ist bereits vorhanden. Versuchen Sie, einen anderen Namen zu verwenden.
You do not have permission to perform the requested function on this or these object(s). A page or pages within this path were found which you may not remove.	Vous n'avez pas l'autorisation d'exécuter la fonction demandée sur cet ou ces objet(s). Une ou plusieurs pages situées dans ce chemin ont été trouvées et ne peuvent être supprimées par vous.	You do not have permission to perform the requested function on this or these object(s). A page or pages within this path were found which you may not remove.	Sie haben nicht die Berechtigung, die angeforderte Funktion auf diesem oder diesen Objekt(en) auszuführen. Es wurde eine oder mehrere Seitengruppen innerhalb dieses Pfades gefunden, die Sie nicht entfernen dürfen.
No error message found to log!	Aucun message d'erreur trouvé dans le journal !	No error message found to log!	Keine Fehlermeldung gefunden, die geloggt werden kann!
Error: missing parameter	Erreur : paramètre manquant	Error: missing parameter	Fehler: Parameter fehlt!
This folder has been deleted by another user. The view will be refreshed.	Ce dossier a été supprimé par un autre utilisateur. La vue va être actualisée.	This folder has been deleted by another user. The view will be refreshed.	Dieser Ordner wurde von einem anderen Benutzer gelöscht. Die Ansicht wird aktualisiert.
One or more object(s) you are trying to delete have already been deleted or moved by another user. The view will be refreshed.	Un ou plusieurs objets que vous essayez de supprimer ont déjà été supprimés ou déplacés par un autre utilisateur. La vue va être actualisée.	One or more object(s) you are trying to delete have already been deleted or moved by another user. The view will be refreshed.	Ein oder mehrere Objekt(e), die Sie zu löschen versuchen, wurden bereits von einem anderen Benutzer gelöscht oder verschoben. Die Ansicht wird aktualisiert.
The test taker or template you are trying to select has been deleted by another user. The view will be refreshed.	Le candidat au test ou le modèle que vous essayez de sélectionner a été supprimé par un autre utilisateur. La vue va être actualisée.	The test taker or template you are trying to select has been deleted by another user. The view will be refreshed.	Der Testteilnehmer oder die Vorlage, die Sie auszuwählen versuchen, wurde von einem anderen Benutzer gelöscht. Die Ansicht wird aktualisiert.
The page group you are trying to select has been moved to a different folder by another user. The new location will be opened.	Le groupe de pages que vous essayez de sélectionner a été déplacé dans un autre dossier par un autre utilisateur. Le nouvel emplacement va être ouvert.	The page group you are trying to select has been moved to a different folder by another user. The new location will be opened.	Die Seitengruppe, die Sie auszuwählen versuchen, wurde von einem anderen Benutzer in einen anderen Ordner verschoben. Der neue Speicherort wird geöffnet.
The test taker or template you are trying to select has been moved to a different folder by another user. The new location will be opened.	Le candidat au test ou le modèle que vous essayez de sélectionner a été déplacé dans un autre dossier par un autre utilisateur. Le nouvel emplacement va être ouvert.	The test taker or template you are trying to select has been moved to a different folder by another user. The new location will be opened.	Der Testteilnehmer oder die Vorlage, die Sie auszuwählen versuchen, wurde von einem anderen Benutzer in einen anderen Ordner verschoben. Der neue Speicherort wird geöffnet.
One or more object(s) you are trying to access have been deleted or moved by another user. The view will be refreshed and this operation will be cancelled.	Un ou plusieurs objets auxquels vous essayez d'accéder ont été supprimés ou déplacés par un autre utilisateur. La vue va être actualisée et cette opération sera annulée.	One or more object(s) you are trying to access have been deleted or moved by another user. The view will be refreshed and this operation will be cancelled.	Ein oder mehrere Objekte, auf die Sie zuzugreifen versuchen, wurden von einem anderen Benutzer gelöscht oder verschoben. Die Ansicht wird aktualisiert und dieser Vorgang wird abgebrochen.
One or more folder(s) you are trying to access have been deleted by another user. The view will be refreshed and this operation will be cancelled.	Un ou plusieurs dossiers auxquels vous essayez d'accéder ont été supprimés par un autre utilisateur. La vue va être actualisée et cette opération sera annulée.	One or more folder(s) you are trying to access have been deleted by another user. The view will be refreshed and this operation will be cancelled.	Ein oder mehrere Ordner, auf die Sie zuzugreifen versuchen, wurden von einem anderen Benutzer gelöscht. Die Ansicht wird aktualisiert und dieser Vorgang wird abgebrochen.
One or more folder(s) you are trying to access have been moved by another user. The view will be refreshed and this operation will be cancelled.	Un ou plusieurs dossiers auxquels vous essayez d'accéder ont été déplacés par un autre utilisateur. La vue va être actualisée et cette opération sera annulée.	One or more folder(s) you are trying to access have been moved by another user. The view will be refreshed and this operation will be cancelled.	Ein oder mehrere Ordner, auf die Sie zuzugreifen versuchen, wurden von einem anderen Benutzer verschoben. Die Ansicht wird aktualisiert und dieser Vorgang wird abgebrochen.
One or more file(s) you are trying to access have been deleted by another user. The view will be refreshed and this operation will be cancelled.	Un ou plusieurs fichiers auxquels vous essayez d'accéder ont été supprimés par un autre utilisateur. La vue va être actualisée et cette opération sera annulée.	One or more file(s) you are trying to access have been deleted by another user. The view will be refreshed and this operation will be cancelled.	Eine oder mehrere Datei(en), auf die Sie zuzugreifen versuchen, wurden von einem anderen Benutzer gelöscht. Die Ansicht wird aktualisiert und dieser Vorgang wird abgebrochen.
One or more file(s) you are trying to access have been moved by another user. The view will be refreshed and this operation will be cancelled.	Un ou plusieurs fichiers auxquels vous essayez d'accéder ont été déplacés par un autre utilisateur. La vue va être actualisée et cette opération sera annulée.	One or more file(s) you are trying to access have been moved by another user. The view will be refreshed and this operation will be cancelled.	Eine oder mehrere Datei(en), auf die Sie zuzugreifen versuchen, wurden von einem anderen Benutzer verschoben. Die Ansicht wird aktualisiert und dieser Vorgang wird abgebrochen.
One or more objects(s) you are trying to move have already been deleted by another user. The view will be refreshed and this operation will be cancelled.	Un ou plusieurs objets que vous essayez de déplacer ont déjà été supprimés par un autre utilisateur. La vue va être actualisée et cette opération sera annulée.	One or more objects(s) you are trying to move have already been deleted by another user. The view will be refreshed and this operation will be cancelled.	Ein oder mehrere Objekte, die Sie zu verschieben versuchen, wurden bereits von einem anderen Benutzer gelöscht. Die Ansicht wird aktualisiert und dieser Vorgang wird abgebrochen.
Could not determine test action intent.	Impossible de déterminer l'intention de l’action.	Could not determine test action intent.	Die Aktion konnte nicht ermittelt werden.
One or more objects(s) you are trying to move have already been moved by another user. The view will be refreshed and this operation will be cancelled.	Un ou plusieurs objets que vous essayez de déplacer ont déjà été déplacés par un autre utilisateur. La vue sera rafraîchie et cette opération sera annulée.	One or more objects(s) you are trying to move have already been moved by another user. The view will be refreshed and this operation will be cancelled.	Ein oder mehrere Objekte, die Sie zu verschieben versuchen, wurden bereits von einem anderen Benutzer verschoben. Die Ansicht wird aktualisiert und dieser Vorgang wird abgebrochen.
choice	choix	choice	Auswahl
add choice	ajouter un choix	add choice	Auswahl hinzufügen
choice type	type de choix	choice type	Auswahltyp
single choice	choix unique	single choice	einfache Auswahl
multiple choices	choix multiples	multiple choices	Mehrfachauswahl
dropdown field	champ déroulant	dropdown field	Dropdown-Feld
choice order	ordre des choix	choice order	Auswahlreihenfolge
alphabet	alphabet	alphabet	alphabetisch
random	aléatoire	random	zufällig
input control	contrôle de la saisie	input control	Eingabesteuerung
limit number of answers	limiter le nombre de réponses	limit number of answers	Anzahl der Antworten begrenzen
required number of answers	nombre requis de réponses	required number of answers	Antworten min
maximum number of answers	nombre max de réponses	maximum number of answers	Antworten max
custom answer	réponse personnalisée	custom answer	benutzerdefinierte Antwort
add a textfield to last choice	ajouter un champ de texte au dernier choix	add a textfield to last choice	Hinzufügen eines Textfeldes zur letzten Auswahl
custom answers	réponses personnalisées	custom answers	benutzerdefinierte Antworten
add textfields to this many choices	ajouter des champs de texte à autant de choix	add textfields to this many choices	Anzahl von Textfeldern für diese Auswahl hinzufügen
custom width (with CSS units)	largeur personnalisée (avec unités CSS)	custom width (with CSS units)	Benutzerdefinierte Breite (mit CSS-Einheiten)
custom height (with CSS units)	hauteur personnalisée (avec unités CSS)	custom height (with CSS units)	Benutzerdefinierte Höhe (mit CSS-Einheiten)
custom pattern (regex)	modèle personnalisé (regex)	custom pattern (regex)	Benutzerdefiniertes Muster (Regex)
layout	mise en page	layout	Layout
in two columns	en deux colonnes	in two columns	in zwei Spalten
correct answer(s)	réponse(s) correcte(s)	correct answer(s)	richtige Antwort(en)
simple interactions	interactions simples	simple interactions	Einfache Interaktionen
advanced editors	éditeurs avancés	advanced editors	Erweiterte Editoren
text field	champ de texte	text field	Textfeld
text area	zone de texte	text area	Textbereich
choice matrix	matrice de choix	choice matrix	Auswahlmatrix
slider	glissière	slider	Schieberegler
advanced editor	éditeur avancé	advanced editor	Erweiterter Editor
concept map	schéma conceptuel	concept map	Concept-Map
Open concept maps tool	Ouvrir éditeur de schémas conceptuels	Open concept maps tool	Concept-Maps-Editor öffnen
Error opening concept map tool.	Erreur lors de l'ouverture de l'éditeur de schémas conceptuels.	Error opening concept map tool.	Fehler beim Öffnen des Concept-Map-Editors.
Path is not correct!	Le chemin n'est pas correct !	Path is not correct!	Pfad ist nicht korrekt!
The installed version is too old!	La version installée est trop ancienne !	The installed version is too old!	Die installierte Version ist zu alt!
Path is not set!	Le chemin n'est pas défini !	Path is not set!	Pfad ist nicht definiert!
no preview available for concept maps	L'aperçu n'est pas disponible pour les schémas conceptuels.	no preview available for concept maps	keine Vorschau für Concept-Maps verfügbar
The concept maps tool allows creating a document with which the test takers are to start out. This may also be left entirely blank.	L'éditeur des schémas conceptuels permet de créer un document avec lequel les participants au test doivent commencer. Ce document peut également être laissé entièrement vierge.	The concept maps tool allows creating a document with which the test takers are to start out. This may also be left entirely blank.	Mit dem Concept-Maps-Editor können Sie ein Dokument erstellen, mit dem die Testteilnehmer beginnen sollen. Dieses kann auch ganz leer belassen werden.
It is not possible to edit the selected page right now. It is currently being edited by another user.	Il n'est pas possible de modifier la page sélectionnée pour le moment. Elle est actuellement en cours de modification par un autre utilisateur.	It is not possible to edit the selected page right now. It is currently being edited by another user.	Es ist momentan nicht möglich, die ausgewählte Seite zu bearbeiten. Sie wird derzeit von einem anderen Benutzer editiert.
Delete interaction	Supprimer l'interaction	Delete interaction	Interaktion löschen
There are unsaved changes. In order to preview a page you need to save the changes first!	Il y a des changements non sauvegardés. Pour pouvoir prévisualiser une page, vous devez d'abord enregistrer les modifications !	There are unsaved changes. In order to preview a page you need to save the changes first!	Es gibt ungespeicherte Änderungen. Um eine Seite in der Vorschau anzeigen zu können, müssen Sie die Änderungen zuerst speichern!
label	label	label	Bezeichnung
action	action	action	Aktion
end test	terminer le test	end test	Test beenden
return to login screen	retour à l'écran de login	return to login screen	zurück zum Anmeldebildschirm
go to next page	aller à la page suivante	go to next page	zur nächsten Seite wechseln
go to previous page	aller à la page précédente	go to previous page	zur vorherigen Seite wechseln
static content	contenu statique	static content	Statischer Inhalt
button	bouton	button	Button
text editor	éditeur de texte	text editor	Texteditor
Default language to add to a new page:	Langue par défaut à ajouter à une nouvelle page :	Default language to add to a new page:	Standardsprache, die einer neuen Seite hinzugefügt wird:
column labels	étiquettes de colonne	column labels	Spalten-Labels
add label	ajouter une étiquette	add label	Label hinzufügen
row labels	étiquettes de ligne	row labels	Zeilen-Labels
shuffle rows	mélanger les rangées	shuffle rows	Zeilen mischen
width of fields	largeur des champs	width of fields	Breite der Felder
preview width	largeur de l'aperçu	preview width	Breite der Vorschau
no constraint	aucune contrainte	no constraint	keine Einschränkung
1024px (default)	1024px (par défaut)	1024px (default)	1024px (Standard)
601px (small tablet)	601px (petite tablette)	601px (small tablet)	601px (kleines Tablet)
414px (big phone)	414px (grand téléphone)	414px (big phone)	414px (großes Telefon)
320px (small phone)	320px (petit téléphone)	320px (small phone)	320px (kleines Telefon)
min. width of labels	largeur minimale des étiquettes	min. width of labels	Mindestbreite der Labels
layout type	type de mise en page	layout type	Art des Layouts
labels in place	étiquettes en place	labels in place	Labels an Ort und Stelle
labels in legend	étiquettes dans la légende	labels in legend	Labels in der Legende
consider the following answer as if no answer was given	"considérer la réponse suivante comme si aucune réponse n'avait été donnée&nbsp;"	consider the following answer as if no answer was given	Die folgende Antwort so werten, als ob keine Antwort gegeben worden wäre
This page is in use in one or more tests and results have already been recorded. If you modify the page, existing results might be falsified. Do you want to continue at your own risk?	Cette page est utilisée dans un ou plusieurs tests et des résultats ont déjà été enregistrés. Si vous modifiez la page, les résultats existants pourraient être faussés. Voulez-vous continuer à vos propres risques ?	This page is in use in one or more tests and results have already been recorded. If you modify the page, existing results might be falsified. Do you want to continue at your own risk?	Diese Seite wird in einem oder mehreren Tests verwendet und es wurden bereits Ergebnisse aufgezeichnet. Wenn Sie die Seite ändern, können die vorhandenen Ergebnisse verfälscht werden. Möchten Sie auf eigenes Risiko fortfahren?
Someone else has started editing this page while you lost connection to the server. You cannot continue editing it.	Quelqu'un d'autre a commencé à modifier cette page alors que vous aviez perdu la connexion au serveur. Vous ne pouvez pas continuer à la modifier.	Someone else has started editing this page while you lost connection to the server. You cannot continue editing it.	Jemand anderes hat mit der Bearbeitung dieser Seite begonnen, während Sie die Verbindung zum Server verloren hatten. Sie können sie nicht mehr weiter bearbeiten.
Editing conflict	Conflit d'édition	Editing conflict	Bearbeitungskonflikt
left label	étiquette de gauche	left label	linkes Label
centre label	étiquette centrale	centre label	mittleres Label
right label	étiquette de droite	right label	rechtes Label
"""no reply"" label"	"étiquette ""pas de réponse"""	"""no reply"" label"	"""keine Antwort"" Label"
"show ""no reply"" option"	"afficher l'option ""pas de réponse"""	"show ""no reply"" option"	"Option ""keine Antwort"" anzeigen"
slider values	valeurs du slider	slider values	Slider-Werte
minimum value	valeur minimale	minimum value	minimaler Wert
maximum value	valeur maximale	maximum value	maximaler Wert
values interval	intervalle de valeurs	values interval	Werte Intervall
The slider will have %@ segments	Le slider aura %@ segments	The slider will have %@ segments	Der Slider wird %@ Segmente haben
show steps	montrer les pas	show steps	Schritte anzeigen
show value of each step	montrer la valeur de chaque pas	show value of each step	Wert der einzelnen Schritte anzeigen
show value over handle	montrer la valeur sur le curseur	show value over handle	Wert über Regler anzeigen
correct answer type	type de réponse correcte	correct answer type	Art der richtigen Antwort
single value	valeur unique	single value	einzelner Wert
range of values	plage de valeurs	range of values	Bereich von Werten
value	valeur	value	Wert
range start	début de plage	range start	Bereichsanfang
range end	fin de plage	range end	Bereichsende
slikert values	Valeurs de la slikert	slikert values	Slikert-Werte
The slikert will have %@ choices	La slikert aura %@ choix	The slikert will have %@ choices	Der Slikert hat %@ Auswahlmöglichkeiten
slikert origin	origine du slikert	slikert origin	Slikert Startpunkt
centre	centre	centre	Zentrum
The highlight will be drawn from the origin.	Le trait sera dessinée à partir de l'origine.	The highlight will be drawn from the origin.	Das Highlight wird vom Startpunkt aus gezeichnet.
enable 2 colours for the highlight	Activez 2 couleurs pour le trait	enable 2 colours for the highlight	2 Farben für das Highlight aktivieren
The highlight will be drawn in red on the left side of the origin and in green on the right side of the origin.	Le trait sera dessinée en rouge sur le côté gauche de l'origine et en vert sur le côté droit de l'origine.	The highlight will be drawn in red on the left side of the origin and in green on the right side of the origin.	Das Highlight wird in Rot auf der linken Seite des Ausgangspunktes und in Grün auf der rechten Seite des Ausgangspunktes gezeichnet.
slikert	slikert	slikert	Slikert
Cannot render a slider with more than 1000 segments!	Impossible de présenter un slider avec plus de 1000 segments !	Cannot render a slider with more than 1000 segments!	Ein Schieberegler mit mehr als 1000 Segmenten kann nicht dargestellt werden!
Cannot render a slikert with more than 10 points!	Impossible de présenter un slikert avec plus de 10 points !	Cannot render a slikert with more than 10 points!	Ein Slikert mit mehr als 10 Punkten kann nicht dargestellt werden!
disable button when test is incomplete	désactiver le bouton lorsque le test est incomplet	disable button when test is incomplete	Button deaktivieren, wenn der Test unvollständig ist
One or more of the pages in your selection is being edited by another user at the moment. The selection cannot be deleted!	Une ou plusieurs des pages de votre sélection sont en cours d'édition par un autre utilisateur en ce moment. La sélection ne peut pas être supprimée !	One or more of the pages in your selection is being edited by another user at the moment. The selection cannot be deleted!	Eine oder mehrere der Seiten in Ihrer Auswahl werden gerade von einem anderen Benutzer bearbeitet. Löschvorgang kann nicht ausgeführt werden!
Results have already been collected for one or more page groups in your selection. All concerned results will be removed as well upon deletion. Do you want to proceed?	Des résultats ont déjà été collectés pour un ou plusieurs groupes de pages de votre sélection. Tous les résultats concernés seront également supprimés. Voulez-vous continuer ?	Results have already been collected for one or more page groups in your selection. All concerned results will be removed as well upon deletion. Do you want to proceed?	Es wurden bereits Ergebnisse für eine oder mehrere Seitengruppen in Ihrer Auswahl gesammelt. Alle betroffenen Ergebnisse werden beim Löschen ebenfalls entfernt. Möchten Sie fortfahren?
Some of the selected page groups are in use in one or more tests. Any test which uses deleted pages will become non functional. Do you want to proceed?	Certains des groupes sélectionnés sont utilisés dans un ou plusieurs tests. Tout test qui utilise des pages supprimées deviendra non fonctionnel. Voulez-vous continuer ?	Some of the selected page groups are in use in one or more tests. Any test which uses deleted pages will become non functional. Do you want to proceed?	Einige der ausgewählten Seitengruppen werden bereits in einem oder mehreren Tests verwendet. Jeder Test, der gelöschte Seiten verwendet, ist nicht mehr funktionsfähig. Möchten Sie fortfahren?
This page is being edited by another user at the moment and cannot be deleted!	Cette page est en cours d'édition par un autre utilisateur et ne peut être supprimée !	This page is being edited by another user at the moment and cannot be deleted!	Diese Seite wird zur Zeit von einem anderen Benutzer bearbeitet und kann nicht gelöscht werden!
Results have already been collected for this page. If you delete it, the results will be removed as well. Do you want to proceed?	Des résultats ont déjà été collectés pour cette page. Si vous la supprimez, les résultats seront également supprimés. Voulez-vous continuer ?	Results have already been collected for this page. If you delete it, the results will be removed as well. Do you want to proceed?	Es wurden bereits Ergebnisse für diese Seite gesammelt. Wenn Sie sie löschen, werden auch die Ergebnisse entfernt. Möchten Sie fortfahren?
This page is already in use in one or more tests. Any test which uses a deleted page will become non functional. Do you want to proceed?	Cette page est déjà utilisée dans un ou plusieurs tests. Tout test qui utilise une page supprimée deviendra non fonctionnel. Voulez-vous continuer ?	This page is already in use in one or more tests. Any test which uses a deleted page will become non functional. Do you want to proceed?	Diese Seite wird bereits in einem oder mehreren Tests verwendet. Jeder Test, der eine gelöschte Seite verwendet, wird nicht mehr funktionieren. Möchten Sie fortfahren?
Note: the score is applied to every row individually	Note : le score est appliqué à chaque ligne individuellement.	Note: the score is applied to every row individually	Hinweis: Die Bewertung wird auf jede Zeile einzeln angewandt.
Bulk Permissions Editor	Éditeur de permissions en bloc	Bulk Permissions Editor	Editor für Massenberechtigungen
WARNING: YOU ARE IN THE BULK PERMISSIONS EDITOR MODE!!!	AVERTISSEMENT : VOUS ÊTES EN MODE ÉDITEUR DE PERMISSIONS EN BLOC !!!	WARNING: YOU ARE IN THE BULK PERMISSIONS EDITOR MODE!!!	WARNUNG: SIE BEFINDEN SICH IM MODUS DES EDITORS FÜR MASSENBERECHTIGUNGEN!!!
"You must manually configure each usergroup permission values you wish to update. Any untouched usergroup configurations (marked with an ""M"") will retain their original access settings."	"Vous devez configurer manuellement les valeurs d'autorisation de chaque groupe d'utilisateurs que vous souhaitez mettre à jour. Toutes les configurations de groupes d'utilisateurs non modifiées (marquées d'un \""M\"") conserveront leurs paramètres d'accès d'origine."	"You must manually configure each usergroup permission values you wish to update. Any untouched usergroup configurations (marked with an \""M\"") will retain their original access settings."	"Sie müssen die Berechtigungswerte jeder Benutzergruppe, die Sie aktualisieren möchten, manuell konfigurieren. Unberührte Benutzergruppenkonfigurationen (mit einem ""M"" gekennzeichnet) behalten ihre ursprünglichen Zugriffseinstellungen bei."
It is strongly recommended to perform a system backup prior to saving any changes.	Il est fortement recommandé d'effectuer une sauvegarde du système avant d'enregistrer toute modification.	It is strongly recommended to perform a system backup prior to saving any changes.	Es wird dringend empfohlen, ein System-Backup durchzuführen, bevor Sie Änderungen speichern.
Bypass inheritance modification	Contourner la modification de l'héritage	Bypass inheritance modification	Umgehen der Vererbungsänderung
Enable inheritance	Activer l'héritage	Enable inheritance	Aktivieren der Vererbung
Disable inheritance	Désactiver l'héritage	Disable inheritance	Vererbung deaktivieren
Recursively update inheritance flag	Mise à jour récursive de l'indicateur d'héritage	Recursively update inheritance flag	Vererbungskennzeichen rekursiv aktualisieren
Update permissions on selected folders only	Mettre à jour les permissions sur les dossiers sélectionnés uniquement	Update permissions on selected folders only	Berechtigungen nur auf ausgewählten Ordnern aktualisieren
Recursively update permissions	Mise à jour récursive des permissions	Recursively update permissions	Berechtigungen rekursiv aktualisieren
Update owners on selected folders only	Mise à jour des propriétaires sur les dossiers sélectionnés uniquement	Update owners on selected folders only	Eigentümer nur für ausgewählte Ordner aktualisieren
Recursively update owners	Mise à jour récursive des propriétaires	Recursively update owners	Eigentümer rekursiv aktualisieren
No Folder Owner(s) Found	Pas de propriétaire(s) de dossier trouvé(s)	No Folder Owner(s) Found	Keine(r) Ordner-Eigentümer gefunden
The original owner of this folder is not available.<br>Please select a new owner for this folder.	Le propriétaire initial de ce dossier n'est pas disponible.<br>Veuillez sélectionner un nouveau propriétaire pour ce dossier.	The original owner of this folder is not available.<br>Please select a new owner for this folder.	Der ursprüngliche Besitzer dieses Ordners ist nicht verfügbar.<br>Bitte wählen Sie einen neuen Besitzer für diesen Ordner.
"One or more selections do not have valid owners. They will be replaced with ""superadmin"" as the new owner upon saving, unless a different owner is selected for all folders."	"Une ou plusieurs sélections n'ont pas de propriétaires valides. Elles seront remplacées par ""superadmin"" comme nouveau propriétaire lors de l'enregistrement, à moins qu'un propriétaire différent ne soit sélectionné pour tous les dossiers."	"One or more selections do not have valid owners. They will be replaced with ""superadmin"" as the new owner upon saving, unless a different owner is selected for all folders."	"Eine oder mehrere Auswahlen haben keine gültigen Besitzer. Sie werden beim Speichern durch ""superadmin"" als neuen Besitzer ersetzt, es sei denn, es wird ein anderer Besitzer für alle Ordner ausgewählt."
* This group will retain its original permissions until new values are explicltly configured.	* Ce groupe conservera ses autorisations d'origine jusqu'à ce que de nouvelles valeurs soient explicitement configurées.	* This group will retain its original permissions until new values are explicltly configured.	* Diese Gruppe behält ihre ursprünglichen Berechtigungen bei, bis explizit neue Werte konfiguriert werden.
* Group members have no access or visibility to folder	* Les membres du groupe n'ont aucun accès ou visibilité au dossier.	* Group members have no access or visibility to folder	* Gruppenmitglieder haben keinen Zugriff oder Sicht auf Ordner.
* Group members may read from folder	* Les membres du groupe peuvent lire le dossier	* Group members may read from folder	* Gruppenmitglieder können aus dem Ordner lesen
* Group members may write to folder	* Les membres du groupe peuvent écrire dans le dossier.	* Group members may write to folder	* Gruppenmitglieder dürfen in den Ordner schreiben
* Group members may modify folder permissions	* Les membres du groupe peuvent modifier les permissions du dossier.	* Group members may modify folder permissions	* Gruppenmitglieder können die Ordnerberechtigungen ändern
Empty Permissions Notice	Avis de permissions vides	Empty Permissions Notice	Hinweis auf leere Berechtigungen
One or more user groups did not have access permissions defined. These entries have been replaced with disabled access entries.	Aucun droit d'accès n'a été défini pour un ou plusieurs groupes d'utilisateurs. Ces entrées ont été remplacées par des entrées d'accès désactivées.	One or more user groups did not have access permissions defined. These entries have been replaced with disabled access entries.	Für eine oder mehrere Benutzergruppen waren keine Zugriffsberechtigungen definiert. Diese Einträge wurden durch Einträge mit deaktiviertem Zugriff ersetzt.
Please review and save.	Veuillez les vérifier et les enregistrer.	Please review and save.	Bitte überprüfen und speichern.
Inheritance of Parent Permissions	Héritage des autorisations des parents	Inheritance of Parent Permissions	Vererbung von übergeordneten Berechtigungen
No permission entires were found for this folder.	Aucune autorisation n'a été trouvée pour ce dossier.	No permission entires were found for this folder.	Es wurden keine Berechtigungseinträge für diesen Ordner gefunden.
Close Report	Fermer le rapport	Close Report	Bericht schließen
Add Single Plot	Un seul tracé	Add Single Plot	Einzelplot hinzufügen
Add Multiplot	Tracé multiple	Add Multiplot	Multiplot hinzufügen
Generate PDF Report	Générer un rapport PDF	Generate PDF Report	PDF-Bericht generieren
Report Builder	Constructeur de rapport	Report Builder	Bericht erstellen
Close scoring	Fermer la notation	Close scoring	Bewertung schließen
Close Manual Scoring	Fermer la notation	Close Manual Scoring	Bewertung schließen
Previous Test Taker	Testeur précédent	Previous Test Taker	Vorheriger Teilnehmer
Previous Test Page	Page de test précédente	Previous Test Page	Vorherige Testseite
Next Test Taker	Candidat suivant	Next Test Taker	Nächster Teilnehmer
Next Test Page	Page de test suivante	Next Test Page	Nächste Testseite
Plot Preview	Aperçu du tracé	Plot Preview	Plot-Vorschau
Submission Summary	Résumé de la soumission	Submission Summary	Zusammenfassung der Einreichung
Test Taker Score List	Liste des scores des candidats	Test Taker Score List	Testteilnehmer Ergebnisliste
Question/Answer List	Liste des questions/réponses	Question/Answer List	Frage/Antwort-Liste
Question/Answer Detail	Détail des questions/réponses	Question/Answer Detail	Frage/Antwort Detail
Download Report	Télécharger le rapport	Download Report	Bericht herunterladen
Download Results Report	Télécharger le rapport de résultats	Download Results Report	Ergebnisbericht herunterladen
Export Options	Options d'exportation	Export Options	Export-Optionen
REPORT BUILDER FOR TEST ID:	CONSTRUCTEUR DE RAPPORT POUR L'ID DE TEST	REPORT BUILDER FOR TEST ID:	BERICHTSERSTELLER FÜR TEST-ID:
Report Configuration	Configuration du rapport	Report Configuration	Bericht-Konfiguration
Analysis Table	Tableau d'analyse	Analysis Table	Analyse-Tabelle
PDF preview	Aperçu du PDF	PDF preview	PDF-Vorschau
WARNING!	ATTENTION !	WARNING!	WARNUNG!
This test contains question items which have not yet been scored. This report should not be used for any final determinations. You may continue or cancel this operation.	Ce test contient des éléments de question qui n'ont pas encore été scorés. Ce rapport ne doit pas être utilisé pour des déterminations finales. Vous pouvez continuer ou annuler cette opération.	This test contains question items which have not yet been scored. This report should not be used for any final determinations. You may continue or cancel this operation.	Dieser Test enthält Fragen, die noch nicht ausgewertet wurden. Dieser Bericht sollte nicht für endgültige Bewertungen verwendet werden. Sie können diesen Vorgang fortsetzen oder abbrechen.
Continue	Continuer	Continue	Fortfahren
Download Scoring	Télécharger les résultats	Download Scoring	Auswertung herunterladen
Download Scoring Results	Télécharger les résultats de la notation	Download Scoring Results	Bewertungsergebnisse herunterladen
Download Format	Format de téléchargement	Download Format	Format herunterladen
Comma Separated (.csv)	Séparé par des virgules (.csv)	Comma Separated (.csv)	Kommagetrennt (.csv)
MS-Excel (.xlsx)	MS-Excel (.xlsx)	MS-Excel (.xlsx)	MS-Excel (.xlsx)
Open/Libre office (.ods)	Open/Libre office (.ods)	Open/Libre office (.ods)	Open/Libre Office (.ods)
Delimiter Value (CSV)	Valeur du délimiteur (CSV)	Delimiter Value (CSV)	Trennzeichen Wert (CSV)
Comma (,)	Virgule (,)	Comma (,)	Komma (,)
"Semicolon (;)"	"Point-virgule (;)"	"Semicolon (;)"	"Semikolon (;)"
Tab (    )	Tabulation (    )	Tab (    )	Tabulator (    )
Multi-plot Configuration	Configuration multiplot	Multi-plot Configuration	Multi-Plot-Konfiguration
Item Ordering	Ordre des éléments	Item Ordering	Anordnung der Elemente
Multiplot Type	Type de multiplot	Multiplot Type	Art der Mehrfachdarstellung
Histogram with SD Line	Histogramme avec ligne SD	Histogram with SD Line	Histogramm mit SD-Linie
Profile Line	Ligne de profil	Profile Line	Profil-Linie
Horizontal Bar	Barre horizontale	Horizontal Bar	Horizontaler Balken
Series is Nominal Data	Les séries sont des données nominales	Series is Nominal Data	Serie ist nominale Daten
Invert X-Axis	Inverser l'axe des X	Invert X-Axis	X-Achse invertieren
Add	Ajouter	Add	hinzufügen
close	fermer	close	schließen
Select Item to Plot	Sélectionner l'élément à tracer	Select Item to Plot	Zu plottendes Element auswählen
Configure Report Variables for	Configurer les variables du rapport pour	Configure Report Variables for	Berichtsvariablen konfigurieren für
Nominal Data	données nominales	Nominal Data	Nominale Daten
Histogram	Histogramme	Histogram	Histogramm
Histogram Point Labels	Étiquettes des points de l'histogramme	Histogram Point Labels	Histogramm Punkt Labels
Show 0 on X-Axis	Montrer 0 sur l'axe des X	Show 0 on X-Axis	0 auf der X-Achse anzeigen
Override auto bin size	Remplacer la taille du bac automatique	Override auto bin size	Automatische Bin-Größe außer Kraft setzen
SD Line	Ligne SD	SD Line	SD-Linie
Box and Whisker	Diagramme de quartiles	Box and Whisker	Box und Whisker
Hide Outliers	Cacher les valeurs aberrantes	Hide Outliers	Ausreißer ausblenden
Violin	Violon	Violin	Geige
Reverse X-Axis	Inverser l'axe des X	Reverse X-Axis	X-Achse umkehren
 Mean Profile	 Profil de la moyenne	 Mean Profile	 Mittleres Profil
Test Taker ID	ID du testeur	Test Taker ID	Testteilnehmer-ID
Test Taker Name	Nom du testeur	Test Taker Name	Name des Testteilnehmers
Login Password ID	Id de mot de passe login	Login Password ID	ID des Login Passwortes
Login Password Tag	Etiquette du mot de passe login	Login Password Tag	Etikett des Login Passwortes
Status	Statut	Status	Status
Score	Score	Score	Ergebnis
taker	preneur	taker	Teilnehmer
takers	preneurs	takers	Mitspieler
found	trouvé	found	gefunden
Edit Scores Manually	Modifier les scores manuellement	Edit Scores Manually	Ergebnisse manuell bearbeiten
TEST TAKERS WITH RESULTS LIST FOR 	LISTE DES PARTICIPANTS AUX TESTS AVEC RÉSULTATS POUR 	TEST TAKERS WITH RESULTS LIST FOR 	TESTTEILNEHMER MIT ERGEBNISLISTE FÜR
Test Taker List	Liste des participants au test	Test Taker List	Teilnehmer-Liste
Test Page List	Liste des pages de test	Test Page List	Testseiten-Liste
Test Taker Name / ID / Manual Scoring Status	Nom / ID du candidat / Statut de la notation manuelle	Test Taker Name / ID / Manual Scoring Status	Testteilnehmer Name / ID / Status der manuellen Auswertung
Password Tag	Etiquette du mot de passe	Password Tag	Passwort-Tag
Progress	Progression	Progress	Fortschritt
Last Connected	Dernière connexion	Last Connected	Zuletzt verbunden
Page Name/ID	Nom/ID de la page	Page Name/ID	Seitenname/ID
Page Code	Code de la page	Page Code	Code der Seite
Page Type	Type de page	Page Type	Art der Seite
TEST TAKERS WITH RESULTS FOR 	PARTICIPANTS AU TEST AVEC DES RÉSULTATS POUR 	TEST TAKERS WITH RESULTS FOR 	TESTTEILNEHMER MIT ERGEBNISSEN FÜR
TEST PAGE LIST FOR 	LISTE DES PAGES DE TEST POUR 	TEST PAGE LIST FOR 	TESTSEITENLISTE FÜR
PAGE	PAGE	PAGE	SEITE
TEST TAKER	PRENEUR DE TEST	TEST TAKER	TESTTEILNEHMER
PASSWORD ID	MOT DE PASSE ID	PASSWORD ID	PASSWORT ID
Manual Scoring Only	Notation manuelle uniquement	Manual Scoring Only	Nur manuelle Wertung
Reset Scoring	Réinitialiser le score	Reset Scoring	Bewertungen zurücksetzen
RESET CORRECTIONS FOR TEST TAKER	RÉINITIALISATION DES CORRECTIONS POUR LE CANDIDAT AU TEST	RESET CORRECTIONS FOR TEST TAKER	BEWERTUNGEN FÜR TESTTEILNEHMER ZURÜCKSETZEN
An auto-override reset will remove all custom corrections, and reset all auto-scored items back to their calculated values.	Une réinitialisation automatique supprimera toutes les corrections personnalisées et remettra toutes les questions notées automatiquement à leurs valeurs calculées.	An auto-override reset will remove all custom corrections, and reset all auto-scored items back to their calculated values.	Bei einer automatischen Rücksetzung werden alle benutzerdefinierten Bewertungen entfernt und alle automatisch bewerteten Elemente auf ihre berechneten Werte zurückgesetzt.
A manual reset will remove all manual scoring corrections, and reset all manual correction items to zero.	Une réinitialisation manuelle supprimera toutes les corrections de notation manuelle et remettra à zéro tous les éléments de correction manuelle.	A manual reset will remove all manual scoring corrections, and reset all manual correction items to zero.	Bei einer manuellen Rücksetzung werden alle manuellen Bewertungen zurückgesetzt.
Select correction reset scope:	Sélectionnez le champ de réinitialisation des corrections :	Select correction reset scope:	Wählen Sie den Korrekturrücksetzungsbereich:
Scoring attempt did not register. Please wait until page is fully loaded prior to scoring. You may try again now.	La tentative de notation n'a pas été enregistrée. Veuillez attendre que la page soit entièrement chargée avant de procéder à la notation. Vous pouvez réessayer maintenant.	Scoring attempt did not register. Please wait until page is fully loaded prior to scoring. You may try again now.	Der Wertungsversuch wurde nicht registriert. Bitte warten Sie, bis die Seite vollständig geladen ist, bevor Sie die Bewertung vornehmen. Sie können es jetzt erneut versuchen.
Error: 	Erreur : 	Error: 	Fehler:
"Keyboard &amp; Mouse Shortcut Guide"	Guide des raccourcis clavier et souris	"Keyboard &amp; Mouse Shortcut Guide"	Leitfaden für Tastatur- und Mauskürzel
Test/Test Taker Navigation	Navigation dans le test/les candidats	Test/Test Taker Navigation	Test/Testteilnehmer-Navigation
Move to next item in question/test taker list.	Aller à l'élément suivant dans la liste des questions/participants.	Move to next item in question/test taker list.	Zum nächsten Element in der Frage/Testteilnehmerliste wechseln.
Move to previous item in question/test taker list.	Aller à l'élément précédent dans la liste des questions/participants.	Move to previous item in question/test taker list.	Zum vorherigen Eintrag in der Frage/Testteilnehmerliste wechseln.
Move to next entry.	Aller à l'entrée suivante.	Move to next entry.	Zum nächsten Eintrag wechseln.
Move to previous entry.	Aller à l'entrée précédente.	Move to previous entry.	Zum vorherigen Eintrag wechseln.
Move up/down in question/test taker list when pointer is on<br>list or scoring area.	Déplacement vers le haut/bas dans la liste des questions/participants lorsque le pointeur est sur la liste ou la zone de notation.	Move up/down in question/test taker list when pointer is on<br>list or scoring area.	In der Fragen-/Testteilnehmerliste nach oben/unten gehen, wenn der Zeiger auf der Liste oder dem Bewertungsbereich steht.
Comments	Commentaires	Comments	Kommentare
Focus on comment field.	Concentrez-vous sur le champ de commentaire.	Focus on comment field.	Fokus auf das Kommentarfeld.
Save comment (when comment field has text).	Enregistrer le commentaire (lorsque le champ de commentaire contient du texte).	Save comment (when comment field has text).	Kommentar speichern (wenn das Kommentarfeld Text enthält).
Scoring	Notation	Scoring	Punktevergabe
Assign <em>n</em> points (decimals are allowed in increments of 0.5).	Attribuez <em>n</em> points (les décimales sont autorisées par incréments de 0,5).	Assign <em>n</em> points (decimals are allowed in increments of 0.5).	Vergeben Sie <em>n</em> Punkte (Dezimalzahlen sind in 0,5er-Schritten erlaubt).
Increment score value by 0.5	Incrémenter la valeur du score de 0,5	Increment score value by 0.5	Erhöhen des Punktwertes um 0,5
Decrement score value by 0.5	Diminuer la valeur du score par 0,5	Decrement score value by 0.5	Verringern des Punktwertes um 0,5
Test Page Navigation	Navigation dans la page de test	Test Page Navigation	Navigation auf der Testseite
Navigate leftward amongst items within a multi-question test page.	Naviguez vers la gauche parmi les éléments d'une page de test à plusieurs questions.	Navigate leftward amongst items within a multi-question test page.	Navigieren Sie innerhalb einer Testseite mit mehreren Fragen nach links durch die Elemente.
Navigate rightward amongst items within a multi-question test page.	Naviguez vers la droite parmi les éléments d'une page de test à plusieurs questions.	Navigate rightward amongst items within a multi-question test page.	Navigieren Sie innerhalb einer Testseite mit mehreren Fragen nach rechts durch die Aufgaben.
Scorer Login Name	Nom de connexion de l'évaluateur	Scorer Login Name	Scorer-Anmeldename
Scorer ID	Identifiant de l'évaluateur	Scorer ID	Bewerter-ID
Scoring Time	Temps d'évaluation	Scoring Time	Zeit der Bewertung
Score Given	Score donné	Score Given	Erreichte Punktzahl
Additional Scoring Information	Informations supplémentaires sur la notation	Additional Scoring Information	Zusätzliche Informationen zur Bewertung
manual scoring	notation manuelle	manual scoring	manuelle Wertung
auto-scored	notation automatique	auto-scored	automatische Bewertung
Automatic	Automatique	Automatic	Automatisch
Manual	Manuel	Manual	Manuell
Page:	Page :	Page:	Seite:
Test Taker:	Candidat au test :	Test Taker:	Testperson:
Password Id:	Mot de passe Id :	Password Id:	Kennwort-ID:
Test Name	Nom du test	Test Name	Test Name
Page Name	Nom de la page	Page Name	Name der Seite
Question Name	Nom de la question	Question Name	Name der Frage
Question Type	Type de question	Question Type	Fragetyp
Scoring Status	Statut de la notation	Scoring Status	Status der Bewertung
Test Taker	Testeur	Test Taker	Testteilnehmer
Password Id	Mot de passe	Password Id	Kennwort
Remaining Manual Corrections	Éléments manuelles restantes	Remaining Manual Items	Verbleibende manuelle Bewertungen
Total Points	Total des points	Total Points	Gesamtpunkte
SCORING:	SCORING :	SCORING:	WERTUNG:
Comment sucessfully added!	Commentaire ajouté avec succès !	Comment sucessfully added!	Kommentar erfolgreich hinzugefügt!
Keyboard Help	Aide clavier	Keyboard Help	Tastatur-Hilfe
Toggle Fullscreen Mode	Activer le mode plein écran	Toggle Fullscreen Mode	Vollbildmodus umschalten
Score sucessfully recorded!	Score enregistré avec succès !	Score sucessfully recorded!	Punktestand erfolgreich erfasst!
This page contains one or more manual scoring items.	Cette page contient une ou plusieurs questions nécessitant une notation manuelle.	This page contains one or more manual scoring items.	Diese Seite enthält eine oder mehrere Fragen zur manuellen Bewertung.
Click for detailed scoring information about:	Cliquez pour obtenir des informations détaillées sur la notation :	Click for detailed scoring information about:	Klicken Sie hier, um detaillierte Informationen über die Bewertung zu erhalten:
Non-submitted test confirmation	Confirmation de test non soumise	Non-submitted test confirmation	Bestätigung eines nicht abgegebenen Tests
Select how you would like to proceed	Sélectionnez la façon dont vous souhaitez procéder	Select how you would like to proceed	Wählen Sie aus, wie Sie fortfahren möchten
SCORING MODE (LOCKS OUT TEST TAKER!)	MODE DE NOTATION (BLOQUE LE CANDIDAT AU TEST !)	SCORING MODE (LOCKS OUT TEST TAKER!)	AUSWERTUNGSMODUS (SPERRT DEN TESTTEILNEHMER!)
READ-ONLY REVIEW MODE	MODE RÉVISION EN LECTURE SEULE	READ-ONLY REVIEW MODE	SCHREIBGESCHÜTZTER ÜBERPRÜFUNGSMODUS
"This test does not have any manual scoring pages. You may toggle the ""manual score only"" filter to view all pages and questions."	"Ce test ne comporte pas de pages de notation manuelle. Vous pouvez changer le filtre ""note manuelle uniquement"" pour afficher toutes les pages et questions."	"This test does not have any manual scoring pages. You may toggle the ""manual score only"" filter to view all pages and questions."	"Dieser Test hat keine manuell bewerteten Seiten. Sie können den Filter ""Nur manuelle Bewertung"" umschalten, um alle Seiten und Fragen anzuzeigen."
"This test page does not have any manual scoring questions. You may navigate to other pages to determine if there are manual scoring entries, and/or toggle the ""manual score only"" filter to view all pages and questions."	"Cette page de test ne contient pas de questions à notation manuelle. Vous pouvez naviguer vers d'autres pages pour déterminer s'il y a des entrées de notation manuelle, et/ou changer le filtre ""note manuelle uniquement"" pour afficher toutes les pages et questions."	"This test page does not have any manual scoring questions. You may navigate to other pages to determine if there are manual scoring entries, and/or toggle the ""manual score only"" filter to view all pages and questions."	"Diese Testseite enthält keine manuell bewerteten Fragen. Sie können zu anderen Seiten navigieren, um festzustellen, ob es Einträge für die manuelle Bewertung gibt, und/oder den Filter ""nur manuelle Bewertung"" umschalten, um alle Seiten und Fragen anzuzeigen."
Please note that an inconsistency has been detected between the answers given by this test taker and the current question structure.	Veuillez noter qu'une incohérence a été détectée entre les réponses données par ce candidat au test et la structure actuelle des questions.	Please note that an inconsistency has been detected between the answers given by this test taker and the current question structure.	Bitte beachten Sie, dass eine Inkonsistenz zwischen den Antworten dieses Testteilnehmers und der aktuellen Fragenstruktur festgestellt wurde.
This test page may have been modified after test taker responses were recorded.	Cette page de test peut avoir été modifiée après l'enregistrement des réponses du candidat.	This test page may have been modified after test taker responses were recorded.	Diese Testseite wurde möglicherweise geändert, nachdem die Antworten der Testteilnehmer aufgezeichnet wurden.
Too many recursions in redraw routine. Please contact Oasys development team.	Trop de récursions dans la routine de redécoupage. Veuillez contacter l'équipe de développement d'Oasys.	Too many recursions in redraw routine. Please contact Oasys development team.	Zu viele Rekursionen in der Redraw-Routine. Bitte kontaktieren Sie das Oasys-Entwicklungsteam.
import choice labels	Importation d'étiquettes de choix	import choice labels	Labels der Antworten importieren
import	import	import	importieren
import labels	importer des étiquettes	import labels	Labels importieren
add row	ajouter une ligne	add row	Zeile hinzufügen
add column	ajouter une colonne	add column	Spalte hinzufügen
import row labels	importer étiquettes de ligne	import row labels	Zeilenbeschriftungen importieren
import column labels	importer étiquettes de colonne	import column labels	Spaltenbeschriftungen importieren
Scoring Items Remaining Warning	Avertissement : éléments de notation restants	Scoring Items Remaining Warning	Verbleibende Bewertungen Warnung
Open Manual Scoring	Notation manuelle ouverte	Open Manual Scoring	Manuelle Bewertung öffnen
Open Given Concept Map Response	Ouvrir la carte conceptuelle du participant	Open Given Concept Map Response	Concept Map des Teilnehmers öffnen
Question Item Comment	Commentaire sur la correction de la question	Question Item Comment	Kommentar zur Bewertung der Aufgabe
Comment sucessfully removed!	Le commentaire a été supprimé avec succès !	Comment sucessfully removed!	Kommentar erfolgreich entfernt!
Save Comment	Enregistrer le commentaire	Save Comment	Kommentar speichern
Remove Comment	Supprimer le commentaire	Remove Comment	Kommentar entfernen
include in student report	inclus dans le rapport de l'étudiant.	inlude in student report	im Schülerbericht anzeigen
No Available Data	Aucune donnée disponible	No Available Data	Keine Daten vorhanden
Remaining Items	Éléments restantes	Remaining Items	Verbleibende Aufgaben
Please add at least the languages you use in your test.	Veuillez ajouter au moins les langues que vous utilisez dans votre test.	Please add at least the languages you use in your test.	Bitte fügen Sie mindestens die Sprachen hinzu, die Sie in Ihrem Test verwenden.
You are trying to remove a test page for which results have already been collected. These results will not be available anymore after deletion. Please confirm!	Vous essayez de supprimer une page de test pour laquelle des résultats ont déjà été collectés. Ces résultats ne seront plus disponibles après la suppression. Veuillez confirmer !	You are trying to remove a test page for which results have already been collected. These results will not be available anymore after deletion. Please confirm!	Sie versuchen, eine Testseite zu löschen, für die bereits Ergebnisse gesammelt wurden. Diese Ergebnisse werden nach dem Löschen nicht mehr verfügbar sein. Bitte bestätigen Sie!
Confirm deletion	Confirmer la suppression	Confirm deletion	Bestätigen Sie die Löschung
You are trying to remove a fluid block for which results have already been collected. These results will not be available anymore after deletion. Please confirm!	Vous essayez de supprimer un bloc fluide pour lequel des résultats ont déjà été collectés. Ces résultats ne seront plus disponibles après la suppression. Veuillez confirmer !	You are trying to remove a fluid block for which results have already been collected. These results will not be available anymore after deletion. Please confirm!	Sie versuchen, einen Fluid Block zu löschen, für den bereits Ergebnisse gesammelt wurden. Diese Ergebnisse werden nach dem Löschen nicht mehr verfügbar sein. Bitte bestätigen Sie!
switch language	changer de langue	switch language	Sprache wechseln
language	langue	language	Sprache
Image Library	Bibliothèque d'images	Image Library	Bild-Bibliothek
Audio Library	Bibliothèque audio	Audio Library	Audio-Bibliothek
Video Library	Bibliothèque video	Video Library	Video-Bibliothek
Insert media	Insérer les médias	Insert media	Medien einfügen
The page group you were trying to add a media file has been deleted by another user. Please close the page group!	Le groupe de pages auquel vous essayiez d'ajouter un fichier multimédia a été supprimé par un autre utilisateur. Veuillez fermer le groupe de pages !	The page group you were trying to add a media file has been deleted by another user. Please close the page group!	Die Seitengruppe, zu der Sie eine Mediendatei hinzufügen wollten, wurde von einem anderen Benutzer gelöscht. Bitte schließen Sie die Seitengruppe!
No destination specified. Please try again. If the problem persists, please call the administrator!	Aucune destination n'a été spécifiée. Veuillez réessayer. Si le problème persiste, veuillez appeler l'administrateur !	No destination specified. Please try again. If the problem persists, please call the administrator!	Kein Ziel angegeben. Bitte versuchen Sie es erneut. Wenn das Problem weiterhin besteht, wenden Sie sich bitte an den Administrator!
Something went wrong, please call the administrator!	Quelque chose semble ne pas fonctionner, veuillez appeler l’administrateur.	Something went wrong, please call the administrator!	Etwas ist schief gelaufen, bitte rufen Sie den Administrator an!
The uploaded file exceeds the upload_max_filesize directive in php.ini	Le fichier téléchargé dépasse la directive upload_max_filesize du php.ini.	The uploaded file exceeds the upload_max_filesize directive in php.ini	Die hochgeladene Datei überschreitet die Richtlinie upload_max_filesize in php.ini
The uploaded file exceeds the MAX_FILE_SIZE directive that was specified in the HTML form	Le fichier téléchargé dépasse la directive MAX_FILE_SIZE spécifiée dans le formulaire HTML.	The uploaded file exceeds the MAX_FILE_SIZE directive that was specified in the HTML form	Die hochgeladene Datei überschreitet die im HTML-Formular angegebene Richtlinie MAX_FILE_SIZE
The uploaded file was only partially uploaded	Le fichier téléchargé n'a été que partiellement téléchargé	The uploaded file was only partially uploaded	Die hochgeladene Datei wurde nur teilweise hochgeladen
No file was uploaded	Aucun fichier n'a été téléchargé	No file was uploaded	Es wurde keine Datei hochgeladen
Missing a temporary folder	Il manque un dossier temporaire	Missing a temporary folder	Fehlen eines temporären Ordners
Failed to write file to disk	Échec de l'écriture du fichier sur le disque	Failed to write file to disk	Datei konnte nicht auf die Festplatte geschrieben werden
File upload stopped by extension	Téléchargement de fichier arrêté par l'extension	File upload stopped by extension	Datei-Upload durch Erweiterung gestoppt
Unknown upload error	Erreur de téléchargement inconnue	Unknown upload error	Unbekannter Upload-Fehler
Your media file is broken or not supported. Please check the file and upload again!	Votre fichier multimédia est cassé ou n'est pas pris en charge. Veuillez vérifier le fichier et le télécharger à nouveau !	Your media file is broken or not supported. Please check the file and upload again!	Ihre Mediendatei ist defekt oder wird nicht unterstützt. Bitte überprüfen Sie die Datei und laden Sie sie erneut hoch!
A media file with the same name and type already exists in this page group!	Un fichier multimédia portant le même nom et le même type existe déjà dans ce groupe de pages !	A media file with the same name and type already exists in this page group!	Eine Mediendatei mit demselben Namen und Typ existiert bereits in dieser Seitengruppe!
The mediafile you are trying to select has been deleted by another user. The view will be refreshed.	Le fichier multimédia que vous essayez de sélectionner a été supprimé par un autre utilisateur. La vue va être actualisée.	The mediafile you are trying to select has been deleted by another user. The view will be refreshed.	Die Mediendatei, die Sie auszuwählen versuchen, wurde von einem anderen Benutzer gelöscht. Die Ansicht wird aktualisiert.
The mediafile you are trying to rename has been deleted by another user. The view will be refreshed.	Le fichier multimédia que vous essayez de renommer a été supprimé par un autre utilisateur. La vue va être actualisée.	The mediafile you are trying to rename has been deleted by another user. The view will be refreshed.	Die Mediendatei, die Sie umbenennen möchten, wurde von einem anderen Benutzer gelöscht. Die Ansicht wird aktualisiert.
A mediafile with that name and type does already exist. Try using another name.	Un fichier multimédia avec ce nom et ce type existe déjà. Essayez d'utiliser un autre nom.	A mediafile with that name and type does already exist. Try using another name.	Eine Mediendatei mit diesem Namen und Typ ist bereits vorhanden. Versuchen Sie es mit einem anderen Namen.
Bad data.	Mauvaises données.	Bad data.	Fehlerhafte Daten.
This test is in submitted status, and you may begin (or continue) scoring.	Ce test est en statut soumis, et vous pouvez commencer (ou continuer) la notation.	This test is in submitted status, and you may begin (or continue) scoring.	"Der Test befindet sich im Status ""eingereicht"", und Sie können mit der Bewertung beginnen (oder fortfahren)."
This test has {$curTL} minutes remaining, and has not been submitted!	Ce test a {$curTL} minutes restantes, et n'a pas été soumis !	This test has {$curTL} minutes remaining, and has not been submitted!	Dieser Test hat noch {$curTL} Minuten übrig und wurde noch nicht beendet!
This test does not have a time limit, and has not been submitted!	Ce test n'a pas de limite de temps, et n'a pas été soumis !	This test does not have a time limit, and has not been submitted!	Dieser Test hat kein Zeitlimit und wurde noch nicht eingereicht!
Cannot score an open test!	Impossible d'obtenir un test ouvert !	Cannot score an open test!	Offener Test kann nicht korrigiert werden!
Server was unable to record score! The test page will now be reloaded. You may try scoring again.	Le serveur n'a pas pu enregistrer le score ! La page de test va maintenant être rechargée. Vous pouvez réessayer d’attribuer des points.	Server was unable to record score! The test page will now be reloaded. You may try scoring again.	Der Server konnte das Ergebnis nicht aufzeichnen! Die Testseite wird nun neu geladen. Sie können erneut versuchen, eine Punktzahl zu vergeben.
- Adding automatic <strong>password(s)</strong>.	- Ajout de <strong>mot(s) mots de passe</strong> automatique(s).	- Adding automatic <strong>password(s)</strong>.	- Hinzufügen von automatischen <strong>Passwörtern</strong>.
- Adding manual <strong>password(s)</strong>.	- Ajout de <strong>mot(s) de passe</strong> Manuel(s).	- Adding manual <strong>password(s)</strong>.	- Manuelle(s) <strong>Passwort(er)</strong> hinzufügen.
- Deleting existing <strong>password(s)</strong>.	- Suppression du ou des <strong>mots de passe</strong> existants.	- Deleting existing <strong>password(s)</strong>.	- Vorhandene(s) <strong>Passwort(er)</strong> löschen.
- Saving specified <strong>override settings</strong>.	- Enregistrement des <strong>réglages de substitution</strong> spécifiés.	- Saving specified <strong>override settings</strong>.	- Speichern <strong>individueller Einstellungen</strong>.
- Saving specified <strong>meta tag(s)</strong>.	- Enregistrement de la ou des <strong> balises méta</strong> spécifiées.	- Saving specified <strong>meta tag(s)</strong>.	- Speichern des/der <strong>Meta-Tag(s)</strong>.
- Deleting existing <strong>meta tags</strong>.	- Suppression des <strong>balises meta</strong> existantes.	- Deleting existing <strong>meta tags</strong>.	- Löschen vorhandener <strong>Meta-Tags</strong>.
- Using same <strong>password(s)</strong> for all test takers.	- Utiliser le(s) même(s) <strong>mot(s) de passe</strong> pour tous les candidats au test.	- Using same <strong>password(s)</strong> for all test takers.	- Verwendung desselben <strong>Passworts/derselben Passwörter</strong> für alle Testteilnehmer.
- Assigning tests to the passwords as defined.	- Attribution de tests aux mots de passe tels que définis.	- Assigning tests to the passwords as defined.	- Zuweisung von Tests zu den festgelegten Passwörtern.
"The password <strong>"""	"Le mot de passe <strong>"""	"The password <strong>"""	"Das Passwort <strong>"""
"""</strong> does already exist for test taker <strong>"""	"""</strong> existe déjà pour le candidat au test <strong>"""	"""</strong> does already exist for test taker <strong>"""	"""</strong> exisitiert bereits für den Testteilnehmer <strong>"""
"""</strong>. Please check manually!"	"""</strong>. Veuillez vérifier manuellement !"	"""</strong>. Please check manually!"	"""</strong>. Bitte manuell prüfen!"
"The folder <strong>"""	"Le dossier <strong>"""	"The folder <strong>"""	"Der Ordner <strong>"""
"The test taker <strong>"""	"Le candidat au test <strong>"""	"The test taker <strong>"""	"Der Testteilnehmer <strong>"""
"""</strong> has been deleted by another user!"	"""</strong> a été supprimé par un autre utilisateur !"	"""</strong> has been deleted by another user!"	"""</strong> wurde von einem anderen Benutzer gelöscht!"
Page not found in database	Page non trouvée dans la base de données	Page not found in database	Seite nicht in der Datenbank gefunden
Connection to server was interrupted. Cannot save page!	La connexion au serveur a été interrompue. Impossible de sauvegarder la page !	Connection to server was interrupted. Cannot save page!	Die Verbindung zum Server wurde unterbrochen. Seite kann nicht gespeichert werden!
Bulk editing permissions only allowed for superadmins!	Les droits d'édition en masse ne sont autorisés que pour les superadministrateurs !	Bulk editing permissions only allowed for superadmins!	Gleichzeitige Bearbeitung von mehreren Ordnern nur für Superadmins erlaubt!
No scoring data found! This test will now be re-scored. Please try again.	Aucune donnée de notation trouvée ! Ce test va maintenant être à nouveau noté. Veuillez réessayer.	No scoring data found! This test will now be re-scored. Please try again.	Keine Bewertungen gefunden! Dieser Test wird jetzt neu bewertet. Bitte versuchen Sie es erneut.
This test does not contain any scoring data. Returning to the test selection screen.	Ce test ne contient pas de données de notation. Retour à l'écran de sélection du test.	This test does not contain any scoring data. Returning to the test selection screen.	Dieser Test enthält keine Bewertungen. Sie kehren zur Testauswahl zurück.
Test page has been removed! Returning to results manager. Please re-enter this test to continue scoring.	La page de test a été supprimée ! Retour au gestionnaire de résultats. Veuillez entrer à nouveau dans ce test pour continuer à noter les résultats.	Test page has been removed! Returning to results manager. Please re-enter this test to continue scoring.	Die Testseite wurde entfernt! Zurück zur Übersicht. Bitte öffnen Sie diesen Test erneut, um mit der Bewertung fortzufahren.
Concept Maps URL Not Configured	URL des schémas conceptuels non configurée	Concept Maps URL Not Configured	Concept Maps-URL nicht konfiguriert
Open Original Concept Map	Ouvrir le schéma conceptuelle originale	Open Original Concept Map	Vorgegebene Concept Map öffnen
Scoring complete	Notation complet	Scoring complete	Wertung abgeschlossen
Scoring not complete	Notation incomplète	Scoring not complete	Wertung unvollständig
Previous page	Page précédente	Previous page	Vorherige Seite
Next page	Page suivante	Next page	Nächste Seite
of	de	of	von
left to score:	encore à évaluer :	left to score:	noch zu bewerten:
browsing scoring selection for test	sélection des notations pour le test	browsing scoring selection for test	Bewertungsauswahl für den Test
MANUALLY SCORED	NOTATION MANUELLE	MANUALLY SCORED	MANUELL BEWERTET
REQUIRES MANUAL SCORING	NÉCESSITE UNE NOTATION MANUELLE	REQUIRES MANUAL SCORING	ERFORDERT MANUELLE BEWERTUNG
QUESTION:	QUESTION :	QUESTION:	FRAGE:
RESPONSE:	RÉPONSE :	RESPONSE:	ANTWORT:
A full reset will remove all manual and auto-score override corrections, and reset all items back to their original state.	Une réinitialisation complète supprimera toutes les notations manuelles et automatiques, et remettra tous les éléments dans leur état d'origine.	A full reset will remove all manual and auto-score override corrections, and reset all items back to their original state.	Bei einer vollständigen Rücksetzung werden alle manuellen und automatischen Überschreibungsbewertugen entfernt und alle Elemente in ihren ursprünglichen Zustand zurückgesetzt.
* Please note that this will also remove all comments from all items!	* Veuillez noter que cela supprimera également tous les commentaires de tous les articles !	* Please note that this will also remove all comments from all items!	* Bitte beachten Sie, dass dadurch auch alle Kommentare von allen Aufgaben entfernt werden!
All corrections and comments	Toutes les notations et commentaires	All corrections and comments	Alle Bewertungen und Kommentare
Only auto-override corrections	Uniquement des notations automatiques modifiées	Only auto-override corrections	Nur geänderte automatische Bewertungen
Only manual corrections	Seulement des notations manuelles	Only manual corrections	Nur manuelle Bewertungen
Interactions	Interactions	Interactions	Interaktionen
editing interaction	édition d’interaction	editing interaction	Interaktion bearbeiten
max score overridden!	score maximum remplacé	max score overridden!	max. Punktzahl überschrieben!
AUTOSCORED	MARQUAGE AUTOMATIQUE	AUTOSCORED	AUTOMATISCH BEWERTET
AUTOSCORE OVERRIDDEN	MARQUAGE AUTOMATIQUE REMPLACÉ	AUTOSCORE OVERRIDDEN	AUTO BEWERTUNG ÜBERSCHRIEBEN
Correction key	Clef de correction	Correction key	Korrekturschlüssel
filter_o	Filtre propriétaire	Filter owners	Filter Eigentümer
filter_u	Filtre groupes d'utilisateurs	Filter usergroups	Filter Benutzergruppen
Select owner, or leave to preserve originals	Choisissez un nouveau propriétaire ou laissez-le vide	Select owner, or leave to preserve originals	Neuen Eigentümer wählen oder leer lassen
Creation of directory failed:	La création du répertoire a échoué :	Creation of directory failed:	Erstellung des Verzeichnisses fehlgeschlagen:
Error moving file into media folder	Erreur lors du déplacement d'un fichier dans le dossier média	Error moving file into media folder	Fehler beim Verschieben der Datei in den Medienordner
The page group you were working in has been deleted by another user. Please close the page group!	Le groupe de pages dans lequel vous travailliez a été supprimé par un autre utilisateur. Veuillez fermer le groupe de pages !	The page group you were working in has been deleted by another user. Please close the page group!	Die Seitengruppe, in der Sie gearbeitet haben, wurde von einem anderen Benutzer gelöscht. Bitte schließen Sie die Seitengruppe!
label position	position de l'étiquette	label position	Position des Labels
above	au-dessus	above	oberhalb
below	en dessous	below	unterhalb
show only label	Afficher uniquement l'étiquette	show only label	nur Label anzeigen
alignment	alignement	alignment	Ausrichtung
The slider cannot be rendered	Le slider ne peut pas être affiché	The slider cannot be rendered	Der Schieberegler kann nicht dargestellt werden
Cannot render slider: 'maximum' needs to be bigger than 'minimum'	Impossible de rendre le slider : Le 'maximum' doit être plus grand que le 'minimum'.	Cannot render slider: 'maximum' needs to be bigger than 'minimum'	Schieberegler kann nicht dargestellt werden: ' Maximum' muss größer als 'Minimum' sein
Cannot render slider: the range between 'minimum' and 'maximum' must be divisible by 'interval'	Impossible d'afficher le slider : la plage entre 'minimum' et 'maximum' doit être divisible par 'intervalle'.	Cannot render slider: the interval between 'minimum' and 'maximum' must be divisible by 'step'	Schieberegler kann nicht gerendert werden: der Bereich zwischen 'Minimum' und 'Maximum' muss durch 'Intervall' teilbar sein
The slikert cannot be rendered	Impossible d'afficher le slikert	The slikert cannot be rendered	Der Schieberegler kann nicht dargestellt werden
Cannot render slikert: 'maximum' needs to be bigger than 'minimum'	Impossible d'afficher le slikert : la valeur 'maximum' doit être supérieure à la valeur 'minimum'.	Cannot render slikert: 'maximum' needs to be bigger than 'minimum'	Slikert kann nicht dargestellt werden: 'Maximum' muss größer als 'Minimum' sein
Cannot render slikert: the range between 'minimum' and 'maximum' must be divisible by 'interval'	Impossible de rendre le slikert : la plage entre 'minimum' et 'maximum' doit être divisible par 'intervalle'.	Cannot render slikert: the interval between 'minimum' and 'maximum' must be divisible by 'step'	Slikert kann nicht dargestellt werden: der Bereich zwischen 'Minimum' und 'Maximum' muss durch 'Intervall' teilbar sein
go to next page when answered	passez à la page suivante une fois la réponse donnée	go to next page when answered	nach der Beantwortung auf die nächste Seite wechseln
"You must manually configure each usergroup permission values you wish to update. Any untouched usergroup configurations (marked with an &quot;M&quot;) will retain their original access settings."	"Vous devez configurer manuellement les valeurs d'autorisation de chaque groupe d'utilisateurs que vous souhaitez mettre à jour. Toute configuration de groupe d'utilisateurs non modifiée (marquée d'un &quot;M&quot ;) conservera ses paramètres d'accès d'origine."	"You must manually configure each usergroup permission values you wish to update. Any untouched usergroup configurations (marked with an &quot;M&quot;) will retain their original access settings."	"Sie müssen die Berechtigungswerte jeder Benutzergruppe, die Sie aktualisieren möchten, manuell konfigurieren. Alle unberührten Benutzergruppenkonfigurationen (mit einem &quot;M&quot; gekennzeichnet) behalten ihre ursprünglichen Zugriffseinstellungen."
INHERITANCE ENABLED	HÉRITAGE ACTIVÉ	INHERITANCE ENABLED	VERERBUNG AKTIVIERT
INHERITANCE DISABLED	HÉRITAGE DÉSACTIVÉ	INHERITANCE DISABLED	VERERBUNG DEAKTIVIERT
Toggle blocked item visibility	Basculer la visibilité de l'élément bloqué	Toggle blocked item visibility	Sichtbarkeit des blockierten Objekts umschalten
Descriptive Statistics	Statistiques descriptives	Descriptive Statistics	Statistik
Add Custom Text	Un texte personnalisé	Add Custom Text	Textblock hinzufügen
Save Report	Sauvegarder le rapport	Save Report	Report speichern
Load/Remove Report	Charger le rapport	Load report	Report laden
Set Start Date (optional)	Définir la date de début (facultatif)	Set Start Date (optional)	Startdatum festlegen (optional)
DD-MM-YYYY ending date	Date de fin JJ-MM-AAAA	DD-MM-YYYY ending date	TT-MM-JJJJ-Enddatum
Export Options:	Options d'exportation :	Export Options:	Exportoptionen:
DD-MM-YYYY starting date	Date de début JJ-MM-AAAA	DD-MM-YYYY starting date	TT-MM-JJJJ Startdatum
Start Date must be older than End Date (when specified), and not beyond the current date.	La date de début doit être antérieure à la date de fin (lorsqu'elle est spécifiée), et ne doit pas dépasser la date d’aujourd’hui.	Start Date must be older than End Date (when specified), and not beyond the current date.	Das Startdatum muss älter sein als das Enddatum (wenn angegeben) und darf nicht über das aktuelle Datum hinausgehen.
Set End Date (optional)	Définir la date de fin (facultatif)	Set End Date (optional)	Enddatum festlegen (optional)
End Date must be newer than Start Date, and not beyond the current date.	La date de fin doit être plus récente que la date de début et ne doit pas dépasser la date d’aujourd’hui.	End Date must be newer than Start Date, and not beyond the current date.	Das Enddatum muss neuer als das Startdatum sein und darf nicht über das aktuelle Datum hinausgehen.
Date Input Error	Erreur de saisie de la date	Date Input Error	Fehler bei der Datumseingabe
Load Chart Configuration	Charger la configuration du graphique	Load Chart Configuration	Diagrammkonfiguration laden
Select chart layout to load	Sélectionnez le rapport à charger	Select chart layout to load	Report auswählen
Rendering plots	Rendu	Rendering plots	Report rendern
Save Chart Configuration	Sauvegarder la configuration du graphique	Save Chart Configuration	Report speichern
Enter chart layout name:	Entrez le nom du rapport :	Enter chart layout name:	Name des Reports eingeben:
Layout visible to others with test access	Rapport visible pour les autres personnes ayant un accès au test	Layout visible to others with test access	Reports sichtbar für andere mit Zugang zum Test
Confirm Overwrite	Confirmer le remplacement	Confirm Overwrite	Überschreiben bestätigen
This name already exists! Are you sure you wish to overwrite the existing entry?	Ce nom existe déjà ! Êtes-vous sûr de vouloir remplacer l'entrée existante ?	This name already exists! Are you sure you wish to overwrite the existing entry?	Dieser Name existiert bereits! Sind Sie sicher, dass Sie den bestehenden Eintrag überschreiben möchten?
Yes	Oui	Yes	Ja
No	Non	No	Nein
Maximum chart layout title must be under 30 characters in length!	Le titre du rapport doit comporter moins de 30 caractères !	Maximum chart layout title must be under 30 characters in length!	Der Name des Reports darf nicht länger als 30 Zeichen sein!
Edit Text Section	Modifier une section de texte	Edit Text Section	Textabschnitt bearbeiten
Create Text Section	Créer une section de texte	Create Text Section	Textabschnitt erstellen
Enter title here	Entrez le titre ici	Enter title here	Geben Sie hier die Überschrift ein
Enter text here	Entrez le texte ici	Enter text here	Geben Sie hier den Text ein
Pie Chart	Graphique circulaire	Pie Chart	Kreisdiagramm
Open Question	Ouvrir une question	Open Question	Offene Frage
Filter test page name	Filtre du nom de la page de test	Filter test page name	Filter Testseitenname
You do not have access to this object.	Vous n'avez pas accès à cet objet.	You do not have access to this object.	Sie haben keinen Zugriff auf dieses Objekt.
Test-type:	Type de test :	Test-type:	Test-Typ:
Switch Test Language	Changer la langue du test	Switch Test Language	Testsprache wechseln
Test Language Display	Affichage de la langue de test	Test Language Display	Anzeige der Testsprache
Select test language:	Sélectionner la langue du test :	Select test language:	Testsprache auswählen:
Do you want to exit without saving or continue?	Voulez-vous quitter sans sauvegarder ou continuer ?	Do you want to exit without saving or continue?	Möchten Sie den Test ohne zu speichern beenden oder fortsetzen?
Points	Points	Points	Punkte
Save number of pages used	Enregistrer le nombre de pages utilisées	Save number of pages used	Anzahl der verwendeten Seiten speichern
P	P	P	P
</span> point	</span> point	</span> point	</span> Punkt
</span> points	</span> points	</span> points	</span> Punkte
"Maximum achievable score: <span id=""scoringPts"">"	"Score maximal réalisable : <span id=""scoringPts"">"	"Maximum achievable score: <span id=""scoringPts"">"	"Maximalpunktzahl: <span id=""scoringPts"">"
The testpool has less test pages than selected in the fluid block.	Le pool de test contient moins de pages de test que ce qui a été sélectionné dans le bloc fluide.	The testpool has less test pages than selected in the fluid block.	Der Testpool hat weniger Testseiten als im Fluid Block ausgewählt.
You are trying to delete a media file which is used in '+res+' interaction(s). Do you really want to proceed?	Vous essayez de supprimer un fichier multimédia qui est utilisé dans les interactions '+res+'. Voulez-vous vraiment continuer ?	You are trying to delete a media file which is used in '+res+' interaction(s). Do you really want to proceed?	Sie versuchen, eine Mediendatei zu löschen, die in '+res+' Interaktion(en) verwendet wird. Wollen Sie wirklich fortfahren?
This name is already in use by another user! Please select another name.	Ce nom est déjà utilisé par un autre utilisateur ! Veuillez choisir un autre nom.	This name is already in use by another user! Please select another name.	Dieser Name wird bereits von einem anderen Benutzer verwendet! Bitte wählen Sie einen anderen Namen.
Name of entry must be 30 characters or fewer!	Le nom de l'entrée doit comporter 30 caractères ou moins !	Name of entry must be 30 characters or fewer!	Der Name des Eintrags darf höchstens 30 Zeichen lang sein!
Name is already in use! You may not overwrite another user's entry.	Le nom est déjà utilisé ! Vous ne pouvez pas écraser l'entrée d'un autre utilisateur.	Name is already in use! You may not overwrite another user's entry.	Der Name ist bereits in Gebrauch! Sie dürfen den Eintrag eines anderen Benutzers nicht überschreiben.
Sorry, you may not remove another user's entry!	Désolé, vous ne pouvez pas supprimer l'entrée d'un autre utilisateur !	Sorry, you may not remove another user's entry!	Sie können den Eintrag eines anderen Benutzers leider nicht entfernen!
This pool assignment has been deleted. Test Manager will be closed.	Cette affectation de pool a été supprimée. Le gestionnaire de tests sera fermé.	This pool assignment has been deleted. Test Manager will be closed.	Diese Poolzuweisung wurde gelöscht. Test-Manager wird geschlossen.
System is currently in maintenance mode. Please try again later.	Le système est actuellement en mode maintenance. Veuillez réessayer plus tard.	System is currently in maintenance mode. Please try again later.	Das System befindet sich derzeit im Wartungsmodus. Bitte versuchen Sie es später erneut.
Date format not valid! Please use DD-MM-YYYY only.	Le format de la date n'est pas valide ! Veuillez utiliser uniquement le format DD-MM-YYYY.	Date format not valid! Please use DD-MM-YYYY only.	Datumsformat ungültig! Bitte verwenden Sie nur TT-MM-JJJJ.
preview	aperçu	preview	Vorschau
select file	sélectionner un fichier	select file	Datei auswählen
selected file:	fichier sélectionné :	selected file:	ausgewählte Datei:
maximum play count	nombre maximum de passages	maximum play count	maximale Abspielanzahl
disable controls	désactiver les contrôles	disable controls	Bedienelemente deaktivieren
play automatically	jouer automatiquement	play automatically	Automatisch abspielen
must be played	doit être jouée	must be played	Muss abgespielt werden
don't use placeholder	ne pas utiliser d'image de substitution	don't use placeholder	Keinen Platzhalter verwenden
proceed after playing	procéder après la diffusion	proceed after playing	Nach dem Abspielen fortfahren
limit play count	limite du nombre de passages	limit play count	Begrenzung der Abspielanzahl
Please be aware, that dropdown fields show pure text options without styles or colours. Images will not be shown.	Veuillez noter que les champs déroulants affichent des options de texte pur sans style ni couleur. Des images ne seront pas affichées.	Please be aware, that dropdown fields show pure text options without styles or colours. Images will not be shown.	Bitte beachten Sie, dass die Dropdown-Felder reine Textoptionen ohne Stile oder Farben anzeigen. Bilder werden nicht angezeigt.
audio	audio	audio	Audio
video	video	video	Video
hide player	masquer lecteur audio	hide player	Player verbergen
show tooltip	afficher l'info-bulle	show tooltip	Tooltip anzeigen
position of labels	position des labels	position of labels	Position der Labels
on both sides	des deux côtés	on both sides	auf beiden Seiten
below (left, centre, right)	en dessous (gauche, centre, droite)	below (left, centre, right)	unten (links, Mitte, rechts)
width of labels	largeur des labels	width of labels	Breite der Labels
bubbleButton_content	C	C	C
bubbleButton_scoring	N	S	P
bubbleButton_preview	A	P	V
order of editor blocks in interaction editors	ordre des blocs d'éditeurs dans les éditeurs d'interaction	order of editor blocks in interaction editors	Reihenfolge der Editorblöcke in Interaktionseditoren
Add Page Break	Ajouter un saut de page	Add Page Break	Umbruch hinzufügen
Report Blocks	Blocs de rapport	Report Blocks	Bericht Blöcke
Plot Type	Type de tracé	Plot Type	Typ
Plot Data	Données du tracé	Plot Data	Daten
Download Descriptive Statistics (CSV)	Télécharger les statistiques descriptives (CSV)	Download Descriptive Statistics (CSV)	Statistik herunterladen (CSV)
Unsaved changes detected! If this page is left, all changes will be lost. Do you wish to exit?	Modifications non sauvegardées détectées ! Si vous quittez cette page, toutes les modifications seront perdues. Voulez-vous vraiment quitter ?	Unsaved changes detected! If this page is left, all changes will be lost. Do you wish to exit?	Nicht gespeicherte Änderungen wurden erkannt! Wenn diese Seite verlassen wird, gehen alle Änderungen verloren. Möchten Sie die Seite verlassen?
Unsaved changes detected! If a new report is loaded, all changes will be lost. Do you wish to continue?	Modifications non sauvegardés détectés ! Si un nouveau rapport est chargé, toutes les modifications seront perdues. Voulez-vous continuer ?	Unsaved changes detected! If a new report is loaded, all changes will be lost. Do you wish to continue?	Ungespeicherte Änderungen entdeckt! Wenn ein neuer Bericht geladen wird, gehen alle Änderungen verloren. Möchten Sie fortfahren?
Confirm Unsaved Changes	Confirmer les modifications non sauvegardés	Confirm Unsaved Changes	Bestätigen Sie nicht gespeicherte Änderungen
PAGE BREAK	SAUT DE PAGE	PAGE BREAK	SEITENUMBRUCH
Load Report Configuration	Configuration du chargement du rapport	Load Report Configuration	Berichtskonfiguration laden
Select report to load	Sélectionner le rapport à charger	Select report to load	Zu ladenden Bericht auswählen
Rendering report	Rendu du rapport	Rendering report	Bericht wird erzeugt
Save Report Configuration	Sauvegarder la configuration du rapport	Save Report Configuration	Berichtskonfiguration speichern
Enter report name:	Entrez le nom du rapport :	Enter report name:	Name des Berichts eingeben:
Report visible to others with test access	Rapport visible par les autres personnes ayant accès au test	Report visible to others with test access	Bericht sichtbar für andere Zugang zum Test
Concept map question types are not able to be plotted.	Les types de questions de la carte conceptuelle ne peuvent pas être tracés.	Concept map question types are not able to be plotted.	Concept Maps können nicht in einem Bericht angezeigt werden.
Download Text	Télécharger le texte	Download Text	Text herunterladen
This test is non-scorable.	Ce test n’est pas évaluable.	This test is non-scorable.	Dieser Test ist nicht bewertbar.
Results have already been recorded for this test. If you modify the test, existing results might not be accessible anymore.	Les résultats ont déjà été enregistrés pour ce test. Si vous modifiez le test, les résultats existants peuvent ne plus être accessibles.	Results have already been recorded for this test. If you modify the test, existing results might not be accessible anymore.	Es wurden bereits Ergebnisse für diesen Test aufgezeichnet. Wenn Sie den Test ändern, sind die vorhandenen Ergebnisse möglicherweise nicht mehr zugänglich.
You are trying to remove a page from a test for which results have already been collected. These results will not be available anymore after deletion. Please confirm!	Vous essayez de supprimer une page d'un test pour lequel des résultats ont déjà été collectés. Ces résultats ne seront plus disponibles après la suppression. Veuillez confirmer !	You are trying to remove a page from a test for which results have already been collected. These results will not be available anymore after deletion. Please confirm!	Sie versuchen, eine Seite aus einem Test zu entfernen, für den bereits Ergebnisse erfasst wurden. Diese Ergebnisse werden nach dem Löschen nicht mehr verfügbar sein. Bitte bestätigen Sie!
Enter the name for the new variable:	Entrez le nom de la nouvelle variable :	Enter the name for the new variable:	Geben Sie den Namen für die neue Variable ein:
Warning: You have not added any pages to your pool yet. Please add test pages!	Attention : Vous n'avez pas encore ajouté de pages à votre pool. Veuillez ajouter des pages de test !	Warning: You have not added any pages to your pool yet. Please add test pages!	Warnung: Sie haben noch keine Seiten zu Ihrem Pool hinzugefügt. Bitte fügen Sie Testseiten hinzu!
You are trying to delete a media file which is used in ' + res + ' interaction(s). Do you really want to proceed?	Vous essayez de supprimer un fichier média qui est utilisé dans ' + res + ' interaction(s). Voulez-vous vraiment continuer ?	You are trying to delete a media file which is used in ' + res + ' interaction(s). Do you really want to proceed?	Sie versuchen, eine Mediendatei zu löschen, die in ' + res + ' Interaktion(en) verwendet wird. Möchten Sie wirklich fortfahren?
Name:	Nom :	Name:	Name:
File-Type:	Type de fichier :	File-Type:	Datei-Typ:
Original size:	Taille originale :	Original size:	Originalgröße:
This test is not scorable. Returning to the test selection screen.	Ce test n'est pas évaluable. Retour à l'écran de sélection du test.	This test is not scorable. Returning to the test selection screen.	Dieser Test kann nicht bewertet werden. Zurück zur Testauswahl.
Download answers	Télécharger les réponses	Download answers	Antworten
Custom Text Block Editor	Editeur de bloc de texte personnalisé	Custom Text Block Editor	Editor für benutzerdefinierte Textblöcke
Color	Couleur	Color	Plot-Farbe
Label Layout	Disposition des étiquettes	Label Layout	Etiketten-Layout
Inside	Intérieur	Inside	Innen
Outside	Extérieur	Outside	Außerhalb
Auto	Auto	Auto	Automatisch
Percent with Legend	Pourcentage avec légende	Percent with Legend	Prozent mit Legende
Enter new X-Axis label	Entrez un nouveau libellé pour l'axe X	Enter new X-Axis label	Neue Beschriftung der X-Achse
Enter new Y-Axis label	Entrez une nouvelle étiquette pour l'axe des Y	Enter new Y-Axis label	Neue Beschriftung der Y-Achse
Enter new Chart Title label	Entrer une nouvelle étiquette pour le titre du graphique	Enter new Chart Title label	Neue Beschriftung des Diagrammtitels
Update X-Axis	Mise à jour de l'axe X	Update X-Axis	X-Achse aktualisieren
Update Y-Axis	Mise à jour de l'axe Y	Update Y-Axis	Y-Achse aktualisieren
Update Chart Title	Mise à jour du titre du graphique	Update Chart Title	Diagrammtitel aktualisieren
Download plot as a png	Télécharger le tracé en png	Download plot as a png	Plot als PNG herunterladen
Histo	Histo	Histo	Histo
Box	Boîte	Box	Box
Nominal	Nominal	Nominal	Nominal
Pie	Circulaire	Pie	Kreis
Open Text	Texte ouvert	Open Text	Offene Frage
Custom Text	Texte personnalisé	Custom Text	Benutzerdefinierter Text
Page Break	Saut de page	Page Break	Seitenumbruch
Histo+SD	Histo+SD	Histo+SD	Histo+SD
Horiz. Bar	Barre Horiz.	Horiz. Bar	Horiz. Balken
Linear tests for mutation	Tests linéaires pour variation	Linear tests for mutation	Lineare Tests für Mutation
Pick method	Méthode de sélection	Pick method	Auswahlmethode
Sequential	Séquentielle	Sequential	Sequentiell
Test	Test	Test	Test
ID	ID	ID	ID
Test pages	Pages de test	Test pages	Test-Seiten
Max score	Score maximum	Max score	Maximale Punktzahl
Add tests	Ajouter des tests	Add tests	Tests hinzufügen
Mutation	Variation	Mutation	Mutation
You are trying to remove a test from a mutation test container for which results have already been collected. These results will not be available anymore after deletion. Please confirm!	Vous essayez de supprimer un test d'un réservoir de test de variation pour lequel des résultats ont déjà été collectés. Ces résultats ne seront plus disponibles après la suppression. Veuillez confirmer !	You are trying to remove a test from a mutation test container for which results have already been collected. These results will not be available anymore after deletion. Please confirm!	Sie versuchen, einen Test aus einem Mutationstest-Container zu entfernen, für den bereits Ergebnisse gesammelt wurden. Diese Ergebnisse werden nach dem Löschen nicht mehr verfügbar sein. Bitte bestätigen Sie dies!
Structure of linear test: 	Structure du test linéaire : 	Structure of linear test: 	Struktur des linearen Tests: 
test pages	pages de test	test pages	Testseiten
Skin:	Apparence :	Skin:	Skin:
These are the original options of the subtest. They will also be used when launched in the mutation test. Only the validity will be overridden!	Ce sont les options originales du sous-test. Elles seront également utilisées lors du lancement du test de variation. Seule la validité sera remplacée !	These are the original options of the subtest. They will also be used when launched in the mutation test. Only the validity will be overridden!	Dies sind die ursprünglichen Optionen des Untertests. Sie sind auch bei der Verwendung im Mutationstest aktiv. Nur die Gültigkeit wird überschrieben!
Page name	Nom de la page	Page name	Name der Seite
Add all tests from current folder & close	Ajouter tous les tests du dossier actuel et fermer	Add all tests from current folder & close	Alle Tests aus dem aktuellen Ordner hinzufügen & schließen
Add test	Ajouter un test	Add test	Test hinzufügen
Add test & close	Ajouter un test & fermer	Add test & close	Test hinzufügen & schließen
Assign test to mutation test	Assigner le test à un test de variation	Assign test to mutation test	Test einem Mutationstest zuordnen
Number of linear tests in the current directory: 	Nombre de tests linéaires dans le répertoire actuel : 	Number of linear tests in the current directory: 	Anzahl der linearen Tests im aktuellen Verzeichnis: 
 test in your mutation test	 test dans votre test de variation	 test in your mutation test	 Test in Ihrem Mutationstest
 tests in your mutation test	 tests dans votre test de variation	 tests in your mutation test	 Tests in Ihrem Mutationstest
Name linear test	Nom du test linéaire	Name linear test	Name des linearen Tests
mutation test	test de variation	mutation test	Mutationstest
Structure	Structure	Structure	Struktur
image	image	image	Bild
width	largeur	width	Breite
Configure Report Variables for: 	Configurer les variables de rapport pour : 	Configure Report Variables for: 	Berichtsvariablen konfigurieren für:
Question	Question	Question	Frage
This list is limited to a maximum of %@ entries. No more can be inserted.	Cette liste est limitée à un maximum de %@ entrées. Aucune autre ne peut être insérée.	This list is limited to a maximum of %@ entries. No more can be inserted.	Diese Liste ist auf maximal %@ Einträge begrenzt. Mehr können nicht eingefügt werden.
Limit exceeded	Limite dépassée	Limit exceeded	Limit überschritten
Dyslexic font option	Police Dyslexie	Dyslexic font option	Dyslexic Font
not a valid CSS value	pas une valeur CSS valide	not a valid CSS value	kein gültiger CSS-Wert
same image for all languages	même image pour toutes les langues	same image for all languages	Gleiches Bild für alle Sprachen
Scoring not run (open to execute)	La notation n'est pas faite (ouvrir pour l'exécuter)	Scoring not run (open to execute)	Scoring nicht ausgeführt (öffnen zum Ausführen)
Level of detail	Niveau de détail	Level of detail	Detaillierungsgrad
Score for each item	Score pour chaque item	Score for each item	Punktzahl für jedes Item
Total score only	Score total uniquement	Total score only	Nur Gesamtpunktzahl
Choose a new password for your account login.	Choisissez un nouveau mot de passe pour vous connecter à votre compte.	Choose a new password for your account login.	Wählen Sie ein neues Passwort für Ihre Kontoanmeldung.
Click to enter Chart Title	Cliquez pour entrer le titre du graphique	Click to enter Chart Title	Klicken Sie hier, um den Chart-Titel einzugeben
Click to enter X-Axis Title	Cliquez pour entrer le titre de l'axe X	Click to enter X-Axis Title	Klicken Sie hier, um den Titel der X-Achse einzugeben
Click to enter Y-Axis Title	Cliquez pour entrer le titre de l'axe Y	Click to enter Y-Axis Title	Klicken Sie, um den Titel der Y-Achse einzugeben
Confirm the New Password:	Confirmez le nouveau mot de passe :	Confirm the New Password:	Bestätigen Sie das neue Passwort:
Enter a New Password:	Entrez un nouveau mot de passe :	Enter a New Password:	Geben Sie ein neues Passwort ein:
Enter Your Account Reset Code:	Entrez le code de réinitialisation de votre compte :	Enter Your Account Reset Code:	Geben Sie Ihren Rücksetz-Code ein:
Exceeded code attempts. Please try again after 10 minutes.	Nombre de tentatives de code dépassé. Veuillez réessayer dans 10 minutes.	Exceeded code attempts. Please try again after 10 minutes.	Zu viele Code-Eingabeversuche. Bitte versuchen Sie es nach 10 Minuten erneut.
Exceeded code resend limit. Aborting reset request and logging action.	Limite de renvoi du code dépassée. Abandon de la demande de réinitialisation et l’action de connexion.	Exceeded code resend limit. Aborting reset request and logging action.	Das Limit für das erneute Senden des Codes wurde überschritten. Abbruch der Rücksetzanfrage und Protokollierung der Aktion.
Filter users	Filtrer les utilisateurs	Filter users	Benutzer filtern
Forgot Credentials	Identifiants oubliés	Forgot Credentials	Anmeldeinformationen vergessen
Group Membership List	Liste des membres du groupe	Group Membership List	Liste der Gruppenmitgliedschaft
I forgot my username or password	J'ai oublié mon nom d'utilisateur ou mon mot de passe	I forgot my username or password	Ich habe meinen Benutzernamen oder mein Passwort vergessen
If we have a record of your email address in our system, you will receive a message containing your login information.	Si votre adresse électronique est enregistrée dans notre système, vous recevrez un message contenant vos informations de connexion.	If we have a record of your email address in our system, you will receive a message containing your login information.	Wenn wir einen Datensatz mit Ihrer E-Mail-Adresse in unserem System haben, erhalten Sie eine Nachricht mit Ihren Anmeldeinformationen.
Invalid code. Please try again.	Code invalide. Veuillez réessayer.	Invalid code. Please try again.	Ungültiger Code. Bitte versuchen Sie es erneut.
Invalid type specified, please contact your administrator!	Type invalide défini, veuillez contacter votre administrateur !	Invalid type specified, please contact your administrator!	Ungültiger Typ angegeben, bitte kontaktieren Sie Ihren Administrator!
List of users belonging to: 	Liste des utilisateurs appartenant à :	List of users belonging to:	Liste der zugehörigen Benutzer:
Malformed request.	Demande malformée.	Malformed request.	Fehlerhafte Anfrage.
New password and confirmation values must match, and must be more than 3 characters in length.	Les valeurs du nouveau mot de passe et de sa confirmation doivent correspondre, et comporter plus de 3 caractères.	New password and confirmation values must match, and must be more than 3 characters in length.	Neues Passwort und Passwort-Wiederholung müssen übereinstimmen und mehr als 3 Zeichen lang sein.
New password set! Please login with your new password.	Nouveau mot de passe défini ! Veuillez vous connecter avec votre nouveau mot de passe.	New password set! Please login with your new password.	Neues Passwort gesetzt! Bitte melden Sie sich mit Ihrem neuen Passwort an.
No permission entries were found for this folder.	Aucune entrée de permission n'a été trouvée pour ce dossier.	No permission entries were found for this folder.	Es wurden keine Berechtigungseinträge für diesen Ordner gefunden.
oasys administration panel account reset	panneau d'administration oasys - réinitialisation du compte	Oasys administration panel - account reset	Oasys Administrationspanel - Konto zurücksetzen
oasys administration panel set new password	panneau d'administration oasys - définir un nouveau mot de passe	Oasys administration panel - set new password	Oasys Administrationspanel - Neues Passwort setzen
Oasys is not configured to redirect you to your account reset information page. Please contact the system administrator.	Oasys n'est pas configuré pour vous rediriger vers la page d'information de réinitialisation de votre compte. Veuillez contacter l'administrateur système.	Oasys is not configured to redirect you to your account reset information page. Please contact the system administrator.	Oasys ist nicht so konfiguriert, dass Sie auf die Seite mit den Informationen zum Zurücksetzen Ihres Kontos weitergeleitet werden. Bitte wenden Sie sich an den Systemadministrator.
Passcode timeout has expired. Please try restart the code reset process.	Le délai d'attente du code d'accès a expiré. Veuillez essayer de redémarrer le processus de réinitialisation du code.	Passcode timeout has expired. Please try restart the code reset process.	Das Timeout für den Passwort-Code ist abgelaufen. Bitte versuchen Sie, den Prozess erneut zu starten.
Permission[1] JSON schema file is missing! Please report to Oasys Administrator.	Permission[1] Le fichier de schéma JSON est manquant ! Veuillez le signaler à l'administrateur d'Oasys.	Permission[1] JSON schema file is missing! Please report to Oasys Administrator.	Permission[1] JSON-Schema-Datei fehlt! Bitte melden Sie dies dem Oasys-Administrator!
Permission[2] JSON schema file is missing! Please report to Oasys Administrator.	Permission[2] Le fichier de schéma JSON est manquant ! Veuillez le signaler à l'administrateur d'Oasys.	Permission[2] JSON schema file is missing! Please report to Oasys Administrator.	Berechtigung[2] JSON-Schemadatei fehlt! Bitte melden Sie dies dem Oasys-Administrator!
Please check your given email address to obtain your reset code.	Veuillez vérifier l'adresse e-mail que vous avez indiquée pour obtenir votre code de réinitialisation.	Please check your given email address to obtain your reset code.	Bitte prüfen Sie Ihre angegebene E-Mail-Adresse, um Ihren Rücksetz-Code zu erhalten.
Please click this text for more information on resetting your account credentials.	Veuillez cliquer sur ce texte pour plus d'informations sur la réinitialisation des informations d'identification de votre compte.	Please click this text for more information on resetting your account credentials.	Bitte klicken Sie auf diesen Text, um weitere Informationen zum Zurücksetzen Ihrer Anmeldedaten zu erhalten.
Please do not CLOSE, go BACK, or RELOAD this page!	Veuillez ne pas fermer, ni revenir en arrière, et ni recharger cette page !	Please do not CLOSE, go BACK, or RELOAD this page!	Bitte schließen Sie diese Seite nicht, gehen Sie nicht zurück und laden Sie nicht neu!
Please wait 10 or more minutes before submitting a new request.	Veuillez attendre 10 minutes ou plus avant de soumettre une nouvelle demande.	Please wait 10 or more minutes before submitting a new request.	Bitte warten Sie 10 oder mehr Minuten, bevor Sie eine neue Anfrage einreichen.
Resend code	Renvoyer le code	Resend code	Code erneut senden
Return to Login Page	Retourner à la page de connexion	Return to Login Page	Zurück zur Login-Seite
Set Password	Définir le mot de passe	Set Password	Passwort setzen
Something went wrong. Please clear your cookies, reload the page, and try again.	Un problème s'est produit. Veuillez effacer vos cookies, recharger la page et réessayer.	Something went wrong. Please clear your cookies, reload the page, and try again.	Es ist ein Fehler aufgetreten. Bitte löschen Sie Ihre Cookies, laden Sie die Seite neu und versuchen Sie es erneut.
Something went wrong. Please try again later.	Un problème s'est produit. Veuillez réessayer plus tard.	Something went wrong. Please try again later.	Es ist ein Fehler aufgetreten. Bitte versuchen Sie es später noch einmal.
Sorry, message could not be sent! Please try again later, or notify the Oasys System Administrator.	Désolé, le message n'a pas pu être envoyé ! Veuillez réessayer plus tard ou informer l'administrateur du système Oasys.	Sorry, message could not be sent! Please try again later, or notify the Oasys System Administrator.	Entschuldigung, die Nachricht konnte nicht gesendet werden! Bitte versuchen Sie es später noch einmal, oder benachrichtigen Sie den Oasys-Systemadministrator.
Submit Login Code	Envoyer le code de connexion	Submit Login Code	Login-Code senden
System unavailable or misconfigured. Please notify the Oasys system administrator.	Le système est indisponible ou mal configuré. Veuillez en informer l'administrateur du système Oasys.	System unavailable or misconfigured. Please notify the Oasys system administrator.	Das System ist nicht verfügbar oder falsch konfiguriert. Bitte benachrichtigen Sie den Oasys-Systemadministrator.
The code will be valid for <u>10 minutes</u>.	Le code sera valide pendant <u>10 minutes</u>.	The code will be valid for <u>10 minutes</u>.	Der Code ist für <u>10 Minuten</u> gültig.
This account is not eligible for email operations. Please contact the Oasys system administrator for further assistance.	Ce compte n'est pas éligible pour les opérations de courrier électronique. Veuillez contacter l'administrateur du système Oasys pour obtenir de l'aide.	This account is not eligible for email operations. Please contact the Oasys system administrator for further assistance.	Dieses Konto ist nicht für den E-Mail-Verkehr zugelassen. Bitte wenden Sie sich an den Oasys-Systemadministrator, um weitere Unterstützung zu erhalten.
This email address is already in use! Please select another value.	Cette adresse e-mail est déjà utilisée ! Veuillez entrer une autre adresse e-mail.	This email address is already in use! Please select another value.	Diese E-Mail-Adresse ist bereits in Gebrauch! Bitte wählen Sie einen anderen Wert.
This folder or file has been deleted by another user. The view will be refreshed.	Ce dossier ou fichier a été supprimé par un autre utilisateur. La vue sera actualisée.	This folder or file has been deleted by another user. The view will be refreshed.	Dieser Ordner oder diese Datei wurde von einem anderen Benutzer gelöscht. Die Ansicht wird erneuert.
This is perfectly normal if there are no user groups defined in the Oasys instance! As an admin or superadmin, you have full rights to this folder.	Ceci est tout à fait normal s'il n'y a pas de groupes d'utilisateurs définis dans l'instance d'Oasys ! En tant qu'administrateur ou superadministrateur, vous avez tous les droits sur ce dossier.	This is perfectly normal if there are no user groups defined in the Oasys instance! As an admin or superadmin, you have full rights to this folder.	Dies ist völlig normal, wenn in der Oasys-Instanz keine Benutzergruppen definiert sind! Als Admin oder Superadmin haben Sie volle Rechte auf diesen Ordner.
Unauthorized access attempt logged.	Une tentative d'accès non autorisé a été enregistrée.	Unauthorized access attempt logged.	Unbefugter Zugriffsversuch wird protokolliert.
View members of this group	Voir les membres de ce groupe	View members of this group	Mitglieder dieser Gruppe anzeigen
Your login username has been emailed to the address provided.	Votre nom d'utilisateur a été envoyé à l'adresse fournie.	Your login username has been emailed to the address provided.	Ihr Login-Benutzername wurde per E-Mail an die angegebene Adresse geschickt.
Send new code	Envoyer le nouveau code	Send new code	Neuen Code senden
remaining	restant	remaining	verbleibend
Please enter your email address associated with OASYS and select the options that apply.	Veuillez entrer votre adresse e-mail associée à OASYS et sélectionner les options qui s'appliquent.	Please enter your email address associated with OASYS and select the options that apply.	Bitte geben Sie Ihre mit OASYS verknüpfte E-Mail-Adresse ein und wählen Sie die zutreffenden Optionen aus.
I forgot my username	J'ai oublié mon nom d'utilisateur	I forgot my username	Ich habe meinen Benutzernamen vergessen
I forgot my password	J'ai oublié mon mot de passe	I forgot my password	Ich habe mein Passwort vergessen
Please enter a valid email address.	Veuillez saisir une adresse e-mail valide.	Please enter a valid email address.	Bitte geben Sie eine gültige E-Mail Adresse ein.
Requested Account Reset from Oasys	Demande de réinitialisation de compte auprès d'Oasys	Requested Account Reset from Oasys	Zurücksetzen des Kontos bei Oasys angefordert
Your Oasys login id is	Votre identifiant Oasys est	Your Oasys login id is	Ihr Oasys-Benutzername lautet
Requested Account Information from Oasys	Demande d'informations sur le compte auprès d'Oasys	Requested Account Information from Oasys	Kontoinformationen von Oasys angefordert
Your login ID is	Votre identifiant de connexion est	Your login ID is	Ihr Benutzername lautet
SUBMIT	SOUMETTRE	SUBMIT	ABSCHICKEN
Your code is	Votre code est le suivant	Your code is	Ihr Code lautet
Dashboard	Tableau de bord	Dashboard	Dashboard
User Actions	Actions de l'utilisateur	User Actions	Benutzeraktionen
Account Settings	Paramètres du compte	Account Settings	Kontoeinstellungen
Report Configuration and Layout	Configuration et mise en page du rapport	Report Configuration and Layout	Berichtskonfiguration und Layout
Confirm Report Block Deletion	Confirmer la suppression du bloc de rapport	Confirm Report Block Deletion	Bestätigen Sie das Löschen des Berichtsblocks
Are you sure you want to delete the following report block? This action is irreversible!	Êtes-vous sûr(e) de vouloir supprimer le bloc de rapport suivant ? Cette action est irréversible !	Are you sure you want to delete the following report block? This action is irreversible!	Sind Sie sicher, dass Sie den folgenden Berichtsblock löschen möchten? Diese Aktion ist nicht umkehrbar!
Page breaks are not updatable.	Les sauts de page ne sont pas modifiables.	Page breaks are not updatable.	Seitenumbrüche können nicht aktualisiert werden.
Download in CSV	Télécharger en CSV	Download in CSV	Als CSV herunterladen
Kurtosis	Kurtosis	Kurtosis	Kurtosis
Population Standard Deviation	Écart-type de la population	Population Standard Deviation	Standardabweichung der Population
Range between Minimum and Maximum	Écart entre le minimum et le maximum	Range between Minimum and Maximum	Bereich zwischen Minimum und Maximum
Minimum Value in Data Set	Valeur minimale dans l'ensemble de données	Minimum Value in Data Set	Minimalwert im Datensatz
Maximum Value in Data Set	Valeur maximale dans l'ensemble de données	Maximum Value in Data Set	Maximalwert im Datensatz
Population Mode	Mode de la population	Population Mode	Modalwert der Population
Population Median	Médiane de la population	Population Median	Median der Population
Population Mean	Moyenne de la population	Population Mean	Mittelwert der Population
Population Count	Décompte de la population	Population Count	Anzahl der Population
Reset Results	Réinitialiser les résultats	Reset Results	Ergebnisse zurücksetzen
Are you sure you want to reset <strong>all</strong> results of the selected test takers? This action is irreversible!	Êtes-vous sûr(e) de vouloir réinitialiser <strong>tous</strong> les résultats des candidats sélectionnés ? Cette action est irréversible !	Are you sure you want to reset <strong>all</strong> results of the selected test takers? This action is irreversible!	Sind Sie sicher, dass Sie <strong>alle</strong> Ergebnisse der ausgewählten Teilnehmer zurücksetzen möchten? Diese Aktion ist nicht umkehrbar!
Reset test results	Réinitialiser les résultats	Reset test results	Ergebnisse zurücksetzen
Are you sure you want to reset <strong>all</strong> results of the selected tests? This action is irreversible!	Êtes-vous sûr(e) de vouloir réinitialiser <strong>tous</strong> les résultats des tests sélectionnés ? Cette action est irréversible !	Are you sure you want to reset <strong>all</strong> results of the selected tests? This action is irreversible!	Sind Sie sicher, dass Sie <strong>alle</strong> Ergebnisse der ausgewählten Tests zurücksetzen möchten? Diese Aktion ist nicht umkehrbar!
Reset test results?	Réinitialiser les résultats du test ?	Reset test results?	Ergebnisse zurücksetzen?
Results successfully deleted!	Résultats supprimés avec succès !	Results successfully deleted!	Ergebnisse erfolgreich gelöscht!
Passcode timeout has expired. Please restart the code reset process.	Le délai du code d'accès a expiré. Veuillez recommencer le processus de réinitialisation du code.	Passcode timeout has expired. Please restart the code reset process.	Die Passcode-Zeitüberschreitung ist abgelaufen. Bitte starten Sie den Passwort-Zurücksetzungsprozess erneut.
You are trying to delete results of a test which has been deleted by another user. The view will be refreshed.	Vous essayez de supprimer les résultats d'un test qui a été supprimé par un autre utilisateur. La vue va être actualisée.	You are trying to delete results of a test which has been deleted by another user. The view will be refreshed.	Sie versuchen, Ergebnisse eines Tests zu löschen, der von einem anderen Benutzer gelöscht wurde. Die Ansicht wird aktualisiert.
Watchlist	Liste de surveillance	Watchlist	Beobachtungsliste
Content	Contenu	Content	Content
Test takers	Candidats	Test takers	Teilnehmer
Owner	Propriétaire	Owner	Eigentümer
Type	Type	Type	Typ
State	État	State	Status
Test taker data	Données des candidats	Test taker data	Daten der Teilnehmer
No favorites in tests added yet!	Aucun favori ajouté aux tests pour le moment!	No favorites in tests added yet!	Noch keine Favoriten in Tests hinzugefügt!
No restrictions set	Aucune restriction définie	No restrictions set	Keine Einschränkungen gesetzt
The test is scheduled between	Le test est programmé entre	The test is scheduled between	Der Test ist geplant zwischen
The time is restricted between	Le temps est restreint entre	The time is restricted between	Die Zeit ist beschränkt zwischen
The test is active on	Le test est actif le	The test is active on	Der Test ist aktiv am
no language set	aucune langue définie	no language set	keine Sprache festgelegt
no data recorded	aucune donnée enregistrée	no data recorded	keine Daten aufgezeichnet
issue found	problème trouvé	issue found	Problem gefunden
issues found	problèmes trouvés	issues found	Probleme gefunden
No test pages in the test!	Aucune page de test dans le test!	No test pages in the test!	Keine Testseiten im Test!
No test blocks are assigned to the test!	Aucun bloc de test n'est assigné au test!	No test blocks are assigned to the test!	Dem Test sind keine Testblöcke zugewiesen!
Timer is active, but set to 0 mins!	Le minuteur est actif, mais réglé sur 0 min!	Timer is active, but set to 0 mins!	Der Timer ist aktiv, aber auf 0 Minuten gesetzt!
There are test pages in the test which have no content: 	Il y a des pages de test dans le test qui n'ont pas de contenu: 	There are test pages in the test which have no content: 	Es gibt Testseiten im Test, die keinen Inhalt haben: 
Test pages without content detected in the following test pool(s): 	Pages de test sans contenu détectées dans les pools de tests suivants: 	Test pages without content detected in the following test pool(s): 	Testseiten ohne Inhalt in den folgenden Testpools erkannt: 
Test has no language enabled!	Le test n'a pas de langue activée!	Test has no language enabled!	Test hat keine Sprache aktiviert!
There are test pages in the test which do not have content for all activated languages!	Il y a des pages de test dans le test qui n'ont pas de contenu pour toutes les langues activées!	There are test pages in the test which do not have content for all activated languages!	Es gibt Testseiten im Test, die nicht für alle aktivierten Sprachen Inhalt haben!
There are test pages in your test pool(s) which do not have content for all activated languages!	Il y a des pages de test dans vos pools de tests qui n'ont pas de contenu pour toutes les langues activées!	There are test pages in your test pool(s) which do not have content for all activated languages!	Es gibt Testseiten in Ihren Testpools, die nicht für alle aktivierten Sprachen Inhalt haben!
There are test pages in the test which have been deleted!	Il y a des pages de test dans le test qui ont été supprimées!	There are test pages in the test which have been deleted!	Es gibt Testseiten im Test, die gelöscht wurden!
There are test pages in your test pool(s) which have been deleted!	Il y a des pages de test dans vos pools de tests qui ont été supprimées!	There are test pages in your test pool(s) which have been deleted!	Es gibt Testseiten in Ihren Testpools, die gelöscht wurden!
There are test blocks having less pages than they are set to!	Il y a des blocs de test ayant moins de pages que prévu!	There are test blocks having less pages than they are set to!	Es gibt Testblöcke mit weniger Seiten, als eingestellt sind!
There are test blocks in the test, which have been deleted!	Il y a des blocs de test dans le test, qui ont été supprimés!	There are test blocks in the test, which have been deleted!	Es gibt Testblöcke im Test, die gelöscht wurden!
No favorites in content added yet!	Aucun favori ajouté au contenu pour le moment!	No favorites in content added yet!	Noch keine Favoriten im Inhalt hinzugefügt!
No favorites in test takers added yet!	Aucun favori ajouté aux candidats pour le moment!	No favorites in test takers added yet!	Noch keine Favoriten bei den Teilnehmern hinzugefügt!
Test taker has no passwords!	Le candidat n'a pas de mot de passe!	Test taker has no passwords!	Teilnehmer hat keine Passwörter!
Test taker has passwords without a test assigned!	Le candidat a des mots de passe sans test assigné!	Test taker has passwords without a test assigned!	Teilnehmer hat Passwörter ohne einem Test zugeordnet!
There are passwords for deleted tests!	Il y a des mots de passe pour des tests supprimés!	There are passwords for deleted tests!	Es gibt Passwörter für gelöschte Tests!
You are about to remove the following entry from your watchlist. Please confirm!	Vous êtes sur le point de supprimer l'entrée suivante de votre liste de surveillance. Veuillez confirmer!	You are about to remove the following entry from your watchlist. Please confirm!	Sie sind dabei, den folgenden Eintrag von Ihrer Beobachtungsliste zu entfernen. Bitte bestätigen!
Settings	Paramètres	Settings	Einstellungen
Change test language	Changer la langue du test	Change test language	Test Sprache ändern
Manual Scoring Items Remain	Des éléments de notation manuelle restent	Manual Scoring Items Remain	Manuelle Bewertungspunkte verbleiben
Scoring Complete	Notation complète	Scoring Complete	Bewertung abgeschlossen
Open to Execute	Ouvert pour exécution	Open to Execute	Öffnen, um auszuführen
This test does not contain any scorable items.	Ce test ne contient aucun élément noté.	This test does not contain any scorable items.	Dieser Test enthält keine bewertbaren Elemente.
TEST PAGE LIST	LISTE DES PAGES DE TEST	TEST PAGE LIST	TESTSEITENLISTE
TEST TAKERS LIST	LISTE DES CANDIDATS	TEST TAKERS LIST	TeilnehmerLISTE
Show info	Afficher les infos	Show info	Infos anzeigen
Incomplete	Incomplet	Incomplete	Unvollständig
Passwords not logged in:	Mots de passe non connectés:	Passwords not logged in:	Passwörter nicht eingeloggt:
RESET SCORES FOR TEST TAKER / PASSWORD	RÉINITIALISER LES SCORES DU CANDIDAT / LE MOT DE PASSE	RESET SCORES FOR TEST TAKER / PASSWORD	BEWERTUNGEN ZURÜCKSETZEN FÜR TEILNEHMER / PASSWORT
A scoring reset will revert all manually corrected items back to their original unscored state for this test taker and password.	La réinitialisation des scores rétablira tous les éléments corrigés manuellement à leur état non noté d'origine pour ce candidat et ce mot de passe.	A scoring reset will revert all manually corrected items back to their original unscored state for this test taker and password.	Ein Zurücksetzen der Bewertung wird alle manuell korrigierten Elemente für diesen Teilnehmer und dieses Passwort in ihren ursprünglichen unbewerteten Zustand zurückversetzen.
I confirm	Je confirme	I confirm	Ich bestätige
Preview Test Page	Aperçu de la page de test	Preview Test Page	Vorschau Testseite
Keyboard shortcuts	Raccourcis clavier	Keyboard shortcuts	Tastenkürzel
Test Taker Information	Informations sur le candidat	Test Taker Information	Informationen zum Teilnehmer
Test Progress	Progression du test	Test Progress	Testfortschritt
Total Score	Score total	Total Score	Gesamtpunktzahl
Question Scoring Information	Informations sur la notation des questions	Question Scoring Information	Informationen zur Fragenbewertung
Scorer	Correcteur	Scorer	Bewerter
Test Page Information	Informations sur la page de test	Test Page Information	Informationen zur Testseite
Comment	Commentaire	Comment	Kommentar
QUESTION	QUESTION	QUESTION	FRAGE
RESPONSE	RÉPONSE	RESPONSE	ANTWORT
The maximum for the test duration is 999 minutes!	Le maximum pour la durée du test est de 999 minutes!	The maximum for the test duration is 999 minutes!	Das Maximum für die Testdauer beträgt 999 Minuten!
The maximum number of playbacks is set to 100!	Le nombre maximum de lectures est fixé à 100!	The maximum number of playbacks is set to 100!	Die maximale Anzahl der Wiedergaben ist auf 100 eingestellt!
This item is not scorable!	Cet élément n'est pas noté!	This item is not scorable!	Dieses Element ist nicht bewertbar!
NEVER	JAMAIS	NEVER	NIEMALS
Welcome to OASYS Dashboard	Bienvenue sur le tableau de bord OASYS	Welcome to OASYS Dashboard	Willkommen im OASYS-Dashboard
"&#5130; Back to Dashboard"	"&#5130; Retour au tableau de bord"	"&#5130; Back to Dashboard"	"&#5130; Zurück zum Dashboard"
SSO Login Page	Page de connexion SSO	SSO Login Page	SSO-Anmeldeseite
This account is not linked to Oasys.	Ce compte n'est pas lié à Oasys.	This account is not linked to Oasys.	Dieses Konto ist nicht mit Oasys verknüpft.
You have been logged out of Oasys and your SSO session.	Vous avez été déconnecté d'Oasys et de votre session SSO.	You have been logged out of Oasys and your SSO session.	Sie wurden aus Oasys und Ihrer SSO-Sitzung abgemeldet.
Edit Owner	Modifier le propriétaire	Edit Owner	Eigentümer bearbeiten
User Groups	Groupes d'utilisateurs	User Groups	Benutzergruppen
Access Rights	Droits d'accès	Access Rights	Zugriffsrechte
Users in selected group	Utilisateurs dans le groupe sélectionné	Users in selected group	Benutzer in ausgewählter Gruppe
Disable inheritance to edit these permissions directly.	Désactiver l'héritage pour modifier directement ces autorisations.	Disable inheritance to edit these permissions directly.	Vererbung deaktivieren, um diese Berechtigungen direkt zu bearbeiten.
Inheritance enabled	Héritage activé	Inheritance enabled	Vererbung aktiviert
Inheritance disabled	Héritage désactivé	Inheritance disabled	Vererbung deaktiviert
One or more selected folders do not have an owner set. You may set ownership value in bulk now, or individually review each folder's permissions.	Un ou plusieurs dossiers sélectionnés n'ont pas de propriétaire défini. Vous pouvez maintenant définir la valeur du propriétaire en masse ou examiner individuellement les autorisations de chaque dossier.	One or more selected folders do not have an owner set. You may set ownership value in bulk now, or individually review each folder's permissions.	Ein oder mehrere ausgewählte Ordner haben keinen Eigentümer festgelegt. Sie können jetzt den Eigentümer für alle auf einmal festlegen oder die Berechtigungen jedes Ordners einzeln überprüfen.
Missing Owner Notification	Notification de propriétaire manquant	Missing Owner Notification	Benachrichtigung fehlender Eigentümer
Missing owner! Please select an owner and save this folder's permissions.	Propriétaire manquant ! Veuillez sélectionner un propriétaire et enregistrer les autorisations de ce dossier.	Missing owner! Please select an owner and save this folder's permissions.	Fehlender Eigentümer! Bitte wählen Sie einen Eigentümer aus und speichern Sie die Berechtigungen dieses Ordners.
List of users	Liste des utilisateurs	List of users	Benutzerliste
Subfolders directly under Home folder do not have any permissions to inherit.	Les sous-dossiers directement sous le dossier Home n'ont aucune permission à hériter.	Subfolders directly under Home folder do not have any permissions to inherit.	Unterordner des Home-Ordners können keine Berechtigungen vererben.
"Selecting an inheritance option here will only apply to subfolders after the ""recursive"" checkbox is enabled, and an inheritance option is selected."	"Sélectionner une option d'héritage ici ne s'appliquera qu'aux sous-dossiers après que la case ""récursive"" soit activée et qu'une option d'héritage soit sélectionnée."	"Selecting an inheritance option here will only apply to subfolders after the ""recursive"" checkbox is enabled, and an inheritance option is selected."	"Die Auswahl einer Vererbungsoption hier wird nur auf Unterordner angewendet, nachdem das Kontrollkästchen ""rekursiv"" aktiviert wurde und eine Vererbungsoption ausgewählt wurde."
INHERITANCE NOT APPLICABLE	HÉRITAGE NON APPLICABLE	INHERITANCE NOT APPLICABLE	VERERBUNG NICHT ANWENDBAR
Edit privacy policy	Politique de confidentialité	Edit privacy policy	Datenschutz- Richtlinie
Create or edit your privacy policy in different languages here and set the visibility using the skin settings of your test (might not be available for all skins).	Créez ou modifiez votre politique de confidentialité dans différentes langues ici et définissez la visibilité à l'aide des paramètres de thème de votre test (peut ne pas être disponible pour tous les thèmes).	Create or edit your privacy policy in different languages here and set the visibility using the skin settings of your test (might not be available for all skins).	Erstellen oder bearbeiten Sie hier Ihre Datenschutzrichtlinie in verschiedenen Sprachen und legen Sie die Sichtbarkeit über die Skin-Einstellungen Ihres Tests fest (möglicherweise nicht für alle Skins verfügbar).
popup legal text	Texte légal en pop-up	popup legal text	Popup-Rechtstext
Incorrect credentials.	Identifiants incorrects.	Incorrect credentials.	Falsche Zugangsdaten.
Privacy policy button	Bouton de politique de confidentialité	Privacy policy button	Datenschutzrichtlinien-Button
Use as stimulus	Utiliser comme stimulus	Use as stimulus	Als Stimulus verwenden
Page Name: 	Nom de la page : 	Page Name: 	Seitenname:
Page Code: 	Code de la page : 	Page Code: 	Seitencode:
Copy login link to clipboard	Copier le lien de connexion dans le presse-papiers	Copy login link to clipboard	Login-Link in die Zwischenablage kopieren
Login link copied to clipboard successfully!	L'URL de connexion a été copiée avec succès dans le presse-papiers !	Login link copied to clipboard successfully!	Login-Link erfolgreich in die Zwischenablage kopiert!
Error copying login link to clipboard: 	Erreur lors de la copie de l'URL de connexion dans le presse-papiers : 	Error copying login link to clipboard: 	Fehler beim Kopieren der Login-Link in die Zwischenablage:
use as stimulus:	utiliser comme stimulus:	use as stimulus:	als Stimulus verwenden:
This page is already linked to a stimulus. Do you want to remove the link to the stimulus and use this page as a stimulus itself?	Cette page est déjà liée à un stimulus. Voulez-vous supprimer le lien vers le stimulus et utiliser cette page comme stimulus elle-même ?	This page is already linked to a stimulus. Do you want to remove the link to the stimulus and use this page as a stimulus itself?	Diese Seite ist bereits mit einem Stimulus verknüpft. Möchten Sie die Verknüpfung zum Stimulus entfernen und diese Seite selbst als Stimulus verwenden?
Stimulus conflict	Conflit de stimulus	Stimulus conflict	Stimuluskonflikt
This page is linked as a stimulus to at least one other page. Do you want to remove any existing links? Be aware that this change cannot be undone!	Cette page est liée en tant que stimulus à au moins une autre page. Voulez-vous supprimer les liens existants ? Soyez conscient que ce changement ne peut pas être annulé !	This page is linked as a stimulus to at least one other page. Do you want to remove any existing links? Be aware that this change cannot be undone!	Diese Seite ist als Stimulus mit mindestens einer anderen Seite verknüpft. Möchten Sie vorhandene Links entfernen? Beachten Sie, dass diese Änderung nicht rückgängig gemacht werden kann!
no stimulus in group	pas de stimulus dans le groupe	no stimulus in group	kein Stimulus in der Gruppe
comments:	commentaires:	comments:	Kommentare:
Comments:	Commentaires:	Comments:	Kommentare:
edit comments	éditer les commentaires	edit comments	Kommentare bearbeiten
Page comments	Commentaires de la page	Page comments	Seitenkommentare
ESC	ESC	ESC	ESC
CTRL+S	CTRL+S	CTRL+S	STRG+S
CTRL+CR	CTRL+CR	CTRL+CR	STRG+CR
Confirm	Confirmer	Confirm	Bestätigen
SHIFT+TAB	SHIFT+TAB	SHIFT+TAB	SHIFT+TAB
Switch language	Changer la langue	Switch language	Sprache wechseln
PageUp	PageUp	PageUp	PageUp
Previous label	Étiquette précédente	Previous label	Vorheriges Label
PageDown	PageDown	PageDown	PageDown
Next label	Étiquette suivante	Next label	Nächstes Label
Editing label:	Édition de l'étiquette:	Editing label:	Bearbeite Label:
Scoring Last Updated	Notation mise à jour pour la dernière fois	Scoring Last Updated	Bewertung zuletzt aktualisiert
This test is fully autoscored.	Ce test est entièrement noté automatiquement.	This test is fully autoscored.	Dieser Test wird vollständig automatisch bewertet.
Scoring information not found.	Informations de notation non trouvées.	Scoring information not found.	Bewertungsinformationen nicht gefunden.
Error: invalid values or variable names. Please correct the interaction.	Erreur : valeurs ou noms de variables invalides. Veuillez corriger l'interaction.	Error: invalid values or variable names. Please correct the interaction.	Fehler: ungültige Werte oder Variablennamen. Bitte korrigieren Sie die Interaktion.
Error: invalid values. Please correct the interaction.	Erreur : valeurs invalides. Veuillez corriger l'interaction.	Error: invalid values. Please correct the interaction.	Fehler: ungültige Werte. Bitte korrigieren Sie die Interaktion.
language switcher	sélecteur de langue	language switcher	Sprachumschalter
WARNING! The 'switch language' action is deprecated. Please use a language switcher interaction, instead.	ATTENTION ! L'action 'changer de langue' est obsolète. Veuillez utiliser à la place une interaction de type 'sélecteur de langue'.	WARNING! The 'switch language' action is deprecated. Please use a language switcher interaction, instead.	ACHTUNG! Die Aktion 'Sprache wechseln' ist veraltet. Bitte verwenden Sie stattdessen eine Interaktion vom Typ Sprachumschalter.
inline interactions	interactions en ligne	inline interactions	inline Interaktionen
text fields	champs de texte	text fields	Textfelder
gaps	trous	gaps	Lücken
choices	choix	choices	Auswahl
hottext	hottext	hottext	hottext
Text	Text	Text	Text
Fields	Champs	Fields	Felder
define field #${num}	définir champ nº${num}	define field #${num}	Feld #${num} definieren
Field number ${fieldNumber} already exists in language ${lang}	Le champ numéro ${fieldNumber} existe déjà en langue ${lang}	Field number ${fieldNumber} already exists in language ${lang}	Feld Nummer ${fieldNumber} existiert bereits in Sprache ${lang}
field	champ	field	Feld
ERROR: field missing in this language	ERREUR : champ manquant dans cette langue	ERROR: field missing in this language	ERROR: Feld fehlt in dieser Sprache
Select a word and click on the button to convert the selection to a field.	Sélectionnez un mot et cliquez sur le bouton pour convertir la sélection en champ.	Select a word and click on the button to convert the selection to a field.	Wählen Sie ein Wort aus und klicken Sie auf den Button, um die Auswahl in ein Feld umzuwandeln.
Select some text and click on the button to convert the selection to a text entry.	Sélectionnez du texte et cliquez sur le bouton pour convertir la sélection en entrée de texte.	Select some text and click on the button to convert the selection to a text entry.	Wählen Sie einen Text aus und klicken Sie auf den Button, um die Auswahl in eine Texteingabe umzuwandeln.
Select some text and click on the button to convert the selection to a gap.	Sélectionnez du texte et cliquez sur le bouton pour convertir la sélection en trou.	Select some text and click on the button to convert the selection to a gap.	Wählen Sie einen Text aus und klicken Sie auf den Button, um die Auswahl in eine Lücke umzuwandeln.
answers	réponses	answers	Antworten
add answer	ajouter une réponse	add answer	Antwort hinzufügen
import answers	importer des réponses	import answers	Antworten importieren
Enter one label per line.<br>Values can be defined by adding two underscores followed by the desired value at the end of the row.	Saisis une libellé par ligne.<br>Les valeurs peuvent être définies en ajoutant deux underscores suivis de la valeur souhaitée à la fin de la ligne.	Enter one label per line.<br>Values can be defined by adding two underscores followed by the desired value at the end of the row.	Geben Sie pro Zeile ein Label ein.<br>Werte können definiert werden, indem Sie zwei Unterstriche gefolgt von dem gewünschten Wert am Ende der Zeile hinzufügen.
replace	remplacer	replace	ersetzen
add	ajouter	add	hinzufügen
This item is linked to a field and cannot be removed.	Cet élément est lié à un champ et ne peut pas être supprimé.	This item is linked to a field and cannot be removed.	Dieses Element ist mit einem Feld verknüpft und kann nicht entfernt werden.
Test taker has no labels!	Le candidat n'a pas d'étiquettes !	Test taker has no labels!	Testteilnehmer hat keine Labels!
Test taker has labels without a test assigned!	Le candidat a des étiquettes sans test assigné !	Test taker has labels without a test assigned!	Testteilnehmer hat Labels ohne zugewiesenen Test!
There are labels for deleted tests!	Il y a des étiquettes pour les tests supprimés !	There are labels for deleted tests!	Es gibt Labels für gelöschte Tests!
Student login (Password)	Connexion étudiant (Mot de passe)	Student login (Password)	Schüler-Login (Passwort)
Student login (LDAP)	Connexion étudiant (LDAP)	Student login (LDAP)	Schüler-Login (LDAP)
Student login (SAML)	Connexion étudiant (SAML)	Student login (SAML)	Schüler-Login (SAML)
Login template	Template de connexion	Login template	Login-Template
Cloned from template	Cloné depuis le template	Cloned from template	Von Template geklont
Standard login	Connexion standard	Standard login	Standard-Login
ALL SCORED	TOUT NOTÉ	ALL SCORED	ALLE BEWERTET
unscored	non noté	unscored	nicht bewertet
Test Taker Value/ID	Valeur/ID du candidat	Test Taker Value/ID	Testteilnehmer-Wert/ID
Password ID	ID du mot de passe	Password ID	Passwort-ID
Page ID	ID de la page	Page ID	Seiten-ID
Preview	Aperçu	Preview	Vorschau
Page	Page	Page	Seite
Page Language Display	Affichage de la langue de la page	Page Language Display	Seitensprache anzeigen
Select language for page display:	Sélectionnez la langue pour l'affichage de la page :	Select language for page display:	Wählen Sie die Sprache für die Seitendarstellung:
Change login type	Changer le type de connexion	Change login type	Anmelde-Typ ändern
Export list	Exporter la liste	Export list	Liste exportieren
Login Settings	Paramètres de connexion	Login Settings	Login-Einstellungen
Meta-Tags	Meta-Tags	Meta-Tags	Meta-Tags
Set password	Définir le mot de passe	Set password	Passwort festlegen
Add to selected - Add labels/tests/meta tags to selected test takers or redefine override settings	Ajouter des étiquettes/tests/meta-tags aux testeurs sélectionnés ou redéfinir les paramètres de remplacement	Add labels/tests/meta tags to selected test takers or redefine override settings	Labels/Tests/Meta-Tags zu ausgewählten Testteilnehmern hinzufügen oder Sonderregeln neu definieren
This wizard creates standard logins only. Use CSV import for bulk adding student logins.	Cet assistant crée uniquement des logins standard. Utilisez l'importation CSV pour ajouter des logins étudiants en masse.	This wizard creates standard logins only. Use CSV import for bulk adding student logins.	Dieser Assistent erstellt nur Standard-Logins. Verwenden Sie den CSV-Import für das Massenerstellen von Schüler-Logins.
Are you sure to save the modifications to all your selected test takers?	Êtes-vous sûr de vouloir enregistrer les modifications pour tous les testeurs sélectionnés ?	Are you sure to save the modifications to all your selected test takers?	Möchten Sie die Änderungen für alle ausgewählten Testteilnehmer speichern?
In your selection, there are both standard and student logins. Bulk editing is only possible when all selected logins are of the same type.	Dans votre sélection, il y a à la fois des logins standard et des logins étudiants. L'édition en masse n'est possible que lorsque tous les logins sélectionnés sont du même type.	In your selection, there are both standard and student logins. Bulk editing is only possible when all selected logins are of the same type.	In Ihrer Auswahl befinden sich sowohl Standard- als auch Schüler-Logins. Die Massenbearbeitung ist nur möglich, wenn alle ausgewählten Logins vom gleichen Typ sind.
Please choose the type of logins you want to import:	Veuillez choisir le type de logins que vous souhaitez importer :	Please choose the type of logins you want to import:	Bitte wählen Sie den Typ der Logins, die Sie importieren möchten:
Standard logins	Logins standard	Standard logins	Standard-Logins
Student logins	Logins étudiants	Student logins	Schüler-Logins
Import CSV	Importer un CSV	Import CSV	CSV importieren
CSV-File structure for student logins:	Structure du fichier CSV pour les logins étudiants :	CSV-File structure for student logins:	CSV-Dateistruktur für Schüler-Logins:
CSV-File structure for standard logins:	Structure du fichier CSV pour les logins standard :	CSV-File structure for standard logins:	CSV-Dateistruktur für Standard-Logins:
line %@ field %@ has non allowed characters. Valid characters are: Letters & numbers plus ( ){ } [ ] / . _ - and SPACE.	ligne %@ champ %@ contient des caractères non autorisés. Les caractères valides sont : Lettres & chiffres plus ( ){ } [ ] / . _ - et ESPACE.	line %@ field %@ has non allowed characters. Valid characters are: Letters & numbers plus ( ){ } [ ] / . _ - and SPACE.	Zeile %@ Feld %@ enthält nicht erlaubte Zeichen. Erlaubte Zeichen sind: Buchstaben & Zahlen plus ( ){ } [ ] / . _ - und LEERZEICHEN.
"The test taker ""%@"" in line %@ has a different display name than the same test taker in another line of the CSV-file."	"Le testeur ""%@"" à la ligne %@ a un nom d'affichage différent de celui du même testeur dans une autre ligne du fichier CSV."	"The test taker ""%@"" in line %@ has a different display name than the same test taker in another line of the CSV-file."	"Der Testteilnehmer ""%@"" in Zeile %@ hat einen anderen Anzeigenamen als derselbe Testteilnehmer in einer anderen Zeile der CSV-Datei."
line %@ field %@ (Authentication) has an invalid value. Aborting import!	ligne %@ champ %@ (Authentification) a une valeur invalide. Importation annulée !	line %@ field %@ (Authentication) has an invalid value. Aborting import!	Zeile %@ Feld %@ (Authentifizierung) hat einen ungültigen Wert. Import wird abgebrochen!
"The file ""%@"" is not recognized. Ensure it has correct separators (, or ;) and the following key names in the first row: testtaker, password, tag, test-id, subfolder & displayname. Optional meta tags (metakeyX, metavalueX) may also be included.<br /><br /> Refer to the example file in the application for guidance."	"Le fichier « %@ » n'est pas reconnu. Assurez-vous qu'il contient les bons séparateurs (, ou ;) et les noms de clés suivants dans la première ligne : testtaker, authentification, password, label, tag, test-id, subfolder & displayname. Des métadonnées optionnelles (metakeyX, metavalueX) peuvent également être incluses.<br /><br /> Référez-vous au fichier d'exemple dans l'application pour vous guider."	"The file ""%@"" is not recognized. Ensure it has correct separators (, or ;) and the following key names in the first row: testtaker, password, tag, test-id, subfolder & displayname. Optional meta tags (metakeyX, metavalueX) may also be included.<br /><br /> Refer to the example file in the application for guidance."	"Die Datei „%@“ wird nicht erkannt. Stellen Sie sicher, dass sie die richtigen Trennzeichen (, oder ;) verwendet und die folgenden Schlüsselnamen in der ersten Zeile enthält: testtaker, authentification, password, label, tag, test-id, subfolder & displayname. Optionale Meta-Tags (metakeyX, metavalueX) können ebenfalls enthalten sein.<br /><br /> Siehe die Beispieldatei in der Anwendung zur Orientierung."
"The file ""%@"" is not recognized. Ensure it has correct separators (, or ;) and the following key names in the first row: testtaker, authentification, password, label, tag, test-id, subfolder & displayname. Optional meta tags (metakeyX, metavalueX) may also be included.<br /><br /> Refer to the example file in the application for guidance."	"Le fichier « %@ » n'est pas reconnu. Assurez-vous qu'il contient les bons séparateurs (, ou ;) et les noms de clés suivants dans la première ligne : testtaker, authentification, password, label, tag, test-id, subfolder & displayname. Des métadonnées optionnelles (metakeyX, metavalueX) peuvent également être incluses.<br /><br /> Référez-vous au fichier d'exemple dans l'application pour vous guider."	"The file ""%@"" is not recognized. Ensure it has correct separators (, or ;) and the following key names in the first row: testtaker, authentification, password, label, tag, test-id, subfolder & displayname. Optional meta tags (metakeyX, metavalueX) may also be included.<br /><br /> Refer to the example file in the application for guidance."	"Die Datei „%@“ wird nicht erkannt. Stellen Sie sicher, dass sie die richtigen Trennzeichen (, oder ;) verwendet und die folgenden Schlüsselnamen in der ersten Zeile enthält: testtaker, authentification, password, label, tag, test-id, subfolder & displayname. Optionale Meta-Tags (metakeyX, metavalueX) können ebenfalls enthalten sein.<br /><br /> Siehe die Beispieldatei in der Anwendung zur Orientierung."
- No display name -	- Pas de nom d’affichage -	- No display name -	- Kein Anzeigename -
Display name: 	Nom d’affichage : 	Display name: 	Anzeigename: 
Display name	Nom d'affichage	Display name	Anzeigename
Test taker template	Modèle de testeur	Test taker template	Testteilnehmer-Template
"Initially, the system creates a password (cannot be empty). If <strong>Activate Password</strong> is selected, the user must enter it; otherwise, the system uses it internally to open a test."	"Le système crée initialement un mot de passe (ne peut pas être vide). Si <strong>Activer le mot de passe est sélectionné</strong>, l'utilisateur doit le saisir ; sinon, le système l'utilise en interne pour ouvrir un test."	"Initially, the system creates a password (cannot be empty). If <strong>Activate Password</strong> is selected, the user must enter it; otherwise, the system uses it internally to open a test."	"Zunächst erstellt das System ein Passwort (darf nicht leer sein). Wenn <strong>Passwort aktivieren</strong> ausgewählt ist, muss der Benutzer es eingeben; andernfalls verwendet das System es intern, um einen Test zu öffnen."
Activate Password	Activer le mot de passe	Activate Password	Passwort aktivieren
Current login type:	Type de connexion actuel :	Current login type:	Aktueller Anmelde-Typ:
Change login type to:	Changer le type de connexion en :	Change login type to:	Anmelde-Typ ändern zu:
Edit display name	Modifier le nom d'affichage	Edit display name	Anzeigename bearbeiten
Please enter or modify the display name of the login!	Veuillez entrer ou modifier le nom d'affichage de la connexion !	Please enter or modify the display name of the login!	Bitte editieren Sie den Anzeigenamen des Logins!
Please enter or modify the direct password for the student login!	Veuillez entrer ou modifier le mot de passe direct pour le login étudiant !	Please enter or modify the direct password for the student login!	Bitte geben Sie das direkte Passwort für das Schüler-Login ein oder ändern Sie es!
Edit direct password	Modifier le mot de passe direct	Edit direct password	Direktes Passwort bearbeiten
Please enter a new label for the student login:	Veuillez entrer une nouvelle étiquette pour le login étudiant :	Please enter a new label for the student login:	Bitte geben Sie ein neues Label für das Schüler-Login ein:
Please enter a tag for the label (optional):	Veuillez entrer un tag pour l'étiquette (facultatif) :	Please enter a tag for the label (optional):	Bitte geben Sie einen Tag für das Label ein (optional):
New label	Nouvelle étiquette	New label	Neues Label
Please select a label to show assigned tests!	Veuillez sélectionner une étiquette pour afficher les tests assignés !	Please select a label to show assigned tests!	Bitte wählen Sie ein Label, um die zugewiesenen Tests anzuzeigen!
Please create a label first!	Veuillez d'abord créer une étiquette !	Please create a label first!	Bitte erstellen Sie zuerst ein Label!
Are you sure you want to delete the label <strong>%@</strong>?	Êtes-vous sûr de vouloir supprimer le label <strong>%@</strong> ?	Are you sure you want to delete the label <strong>%@</strong>?	Sind Sie sicher, dass Sie das Label <strong>%@</strong> löschen möchten?
For this label user data has already been collected!	Des données utilisateur ont déjà été collectées pour cette étiquette !	For this label user data has already been collected!	Für dieses Label wurden bereits Benutzerdaten gesammelt!
Delete label?	Supprimer l'étiquette ?	Delete label?	Label löschen?
Current tag:	Tag actuel :	Current tag:	Aktueller Tag:
Please enter a name for the template:	Veuillez entrer un nom pour le modèle :	Please enter a name for the template:	Bitte geben Sie einen Namen für das Template ein:
New standard login	Nouveau login standard	New standard login	Neues Standard-Login
Reusable Login (Template)	Login réutilisable (Modèle)	Reusable Login (Template)	Wiederverwendbares Login (Template)
Standard Login	Login standard	Standard Login	Standard-Login
Please enter a name for the student login:	Veuillez entrer un nom pour le nouveau login étudiant :	Please enter a name for the student login:	Bitte geben Sie einen Namen für das neue Schüler-Login ein:
Authentication type:	Type d'authentification :	Authentication type:	Authentifizierungstyp:
(Password will be auto-generated if the input field is left empty!)	(Le mot de passe sera généré automatiquement si le champ de saisie est laissé vide !)	(Password will be auto-generated if the input field is left empty!)	(Das Passwort wird automatisch generiert, wenn das Eingabefeld leer bleibt!)
New student login	Nouveau login étudiant	New student login	Neues Schüler-Login
In order to create a login, you have to enter a name with which the test can be identified!	Pour créer un login, vous devez entrer un nom permettant d'identifier le test !	In order to create a login, you have to enter a name with which the test can be identified!	Um einen Login zu erstellen, müssen Sie einen Namen eingeben, mit dem der Test identifiziert werden kann!
Student Logins	Logins étudiants	Student Logins	Schüler-Logins
Student Login Authentication Methods	Méthodes d'authentification des logins étudiants	Student Login Authentication Methods	Authentifizierungsmethoden für Schüler-Logins
Assign test	Assigner un test	Assign test	Test zuweisen
Labels	Étiquettes	Labels	Labels
labels	étiquettes	labels	Labels
Label saved!	Étiquette enregistrée !	Label saved!	Label gespeichert!
Labels have been created.	Les étiquettes ont été créées.	Labels have been created.	Labels wurden erstellt.
All labels have one or more tests assigned.	Toutes les étiquettes ont un ou plusieurs tests assignés.	All labels have one or more tests assigned.	Allen Labels wurden ein oder mehrere Tests zugewiesen.
No labels have been created for this test taker yet!	Aucune étiquette n'a encore été créée pour ce testeur !	No labels have been created for this test taker yet!	Für diesen Testteilnehmer wurden noch keine Labels erstellt!
There are labels where no tests have been assigned!	Il existe des étiquettes auxquelles aucun test n'a été assigné !	There are labels where no tests have been assigned!	Es gibt Labels, denen keine Tests zugewiesen wurden!
<p>When creating a new test in OASYS, you need to select a test type. Below are the available test types and their descriptions:<br><br><strong>Linear Tests</strong>: Linear tests are composed of test pages that are presented in a specified order. The entire set of pages will be used in the sequence defined during test creation.<br><br><strong>Fluid Tests</strong>: Fluid tests are composed of test blocks. Each test block refers to a test pool, which contains chosen test pages. The test block can use all or just some of the items or stimuli from the test pool, and these can be presented in a specified or random order.<br><br><strong>Mutation Tests</strong>: Mutation tests are composed of linear tests. Each time a mutation test is launched by a test taker or a test taker template, one of the assigned linear tests is launched. The selection of the linear test can be either random or sequential, depending on the configuration.<br><br>Select the test type that best fits your testing needs to proceed with test creation.</p>	<p>Lors de la création d'un nouveau test dans OASYS, vous devez sélectionner un type de test. Voici les types de tests disponibles et leurs descriptions :<br><br><strong>Tests linéaires</strong> : Les tests linéaires sont composés de pages de test présentées dans un ordre spécifié. L'ensemble des pages sera utilisé dans la séquence définie lors de la création du test.<br><br><strong>Tests fluides</strong> : Les tests fluides sont composés de blocs de test. Chaque bloc de test fait référence à une banque de tests, qui contient des pages de test choisies. Le bloc de test peut utiliser tout ou partie des éléments ou stimuli de la banque de tests, et ceux-ci peuvent être présentés dans un ordre spécifié ou aléatoire.<br><br><strong>Tests mutationnels</strong> : Les tests mutationnels sont composés de tests linéaires. Chaque fois qu'un test mutationnel est lancé par un candidat ou un modèle de candidat, l'un des tests linéaires assignés est lancé. La sélection du test linéaire peut être aléatoire ou séquentielle, selon la configuration.<br><br>Sélectionnez le type de test qui correspond le mieux à vos besoins pour poursuivre la création du test.</p>	<p>When creating a new test in OASYS, you need to select a test type. Below are the available test types and their descriptions:<br><br><strong>Linear Tests</strong>: Linear tests are composed of test pages that are presented in a specified order. The entire set of pages will be used in the sequence defined during test creation.<br><br><strong>Fluid Tests</strong>: Fluid tests are composed of test blocks. Each test block refers to a test pool, which contains chosen test pages. The test block can use all or just some of the items or stimuli from the test pool, and these can be presented in a specified or random order.<br><br><strong>Mutation Tests</strong>: Mutation tests are composed of linear tests. Each time a mutation test is launched by a test taker or a test taker template, one of the assigned linear tests is launched. The selection of the linear test can be either random or sequential, depending on the configuration.<br><br>Select the test type that best fits your testing needs to proceed with test creation.</p>	<p>Wenn Sie in OASYS einen neuen Test erstellen, müssen Sie einen Testtyp auswählen. Nachfolgend finden Sie die verfügbaren Testtypen und deren Beschreibungen:<br><br><strong>Lineare Tests</strong>: Lineare Tests bestehen aus Testseiten, die in einer festgelegten Reihenfolge präsentiert werden. Der gesamte Satz von Seiten wird in der während der Testerstellung definierten Reihenfolge verwendet.<br><br><strong>Fluid Tests</strong>: Fluid Tests bestehen aus Testblöcken. Jeder Testblock bezieht sich auf einen Testpool, der ausgewählte Testseiten enthält. Der Testblock kann alle oder nur einige der Elemente aus dem Testpool verwenden, und diese können in einer festgelegten oder zufälligen Reihenfolge präsentiert werden.<br><br><strong>Mutationstests</strong>: Mutationstests bestehen aus linearen Tests. Jedes Mal, wenn ein Mutationstest von einem Testteilnehmer oder einem Template gestartet wird, wird einer der zugewiesenen linearen Tests gestartet. Die Auswahl des linearen Tests kann entweder zufällig oder sequentiell erfolgen, je nach Konfiguration.<br><br>Wählen Sie den Testtyp aus, der am besten zu Ihren Testanforderungen passt, um mit der Testerstellung fortzufahren.</p>
Test types	Types de tests 	Test types	Testarten
Please select what you like to add to the test! Pages defined as stimulus are marked as such.	Veuillez sélectionner ce que vous souhaitez ajouter au test ! Les pages définies comme stimulus sont marquées en conséquence.	Please select what you like to add to the test! Pages defined as stimulus are marked as such.	Bitte wählen Sie aus, was Sie dem Test hinzufügen möchten! Seiten, die als Stimulus definiert sind, sind entsprechend markiert.
direct	direct	direct	Direkt
LDAP	LDAP	LDAP	LDAP
SAML	SAML	SAML	SAML
standard	standard	standard	Standard
cloned	cloné	cloned	Geklont
template	template	template	Template
This label has been deleted by another user. Leaving edit mode.	Cette étiquette a été supprimée par un autre utilisateur. Quittez le mode d'édition.	This label has been deleted by another user. Leaving edit mode.	Dieses Label wurde von einem anderen Benutzer gelöscht. Der Bearbeitungsmodus wird beendet.
- Adding <strong>label(s)</strong>.	- Ajout de <strong>étiquette(s)</strong>.	- Adding <strong>label(s)</strong>.	- Hinzufügen von <strong>Label(s)</strong>.
- Adding <strong>password(s)</strong>.	- Ajout de <strong>mot de passe(s)</strong>.	- Adding <strong>password(s)</strong>.	- Hinzufügen von <strong>Passwort/Passwörtern</strong>.
- Assigning tests to the labels as defined.	- Affectation des tests aux étiquettes comme défini.	- Assigning tests to the labels as defined.	- Zuweisen von Tests zu den definierten Labels.
At least one of the logins you are trying to export has been deleted by another user. Please try a new selection!	Au moins un des logins que vous essayez d'exporter a été supprimé par un autre utilisateur. Veuillez faire une nouvelle sélection !	At least one of the logins you are trying to export has been deleted by another user. Please try a new selection!	Mindestens einer der Logins, die Sie exportieren möchten, wurde von einem anderen Benutzer gelöscht. Bitte treffen Sie eine neue Auswahl!
<p>A student login in OASYS is specifically designed to provide students with access to their personalized user dashboard. Unlike standard logins, which may connect users directly to specific tests, a student login directs the student to a dashboard where they can access all their available and active tests.</p>	<p>Un identifiant élève dans OASYS est spécialement conçu pour offrir aux élèves un accès à leur tableau de bord personnalisé. Contrairement aux identifiants standard, qui peuvent connecter les utilisateurs directement à des tests spécifiques, un identifiant élève dirige l'élève vers un tableau de bord où il peut accéder à tous les tests disponibles et actifs.</p>	<p>A student login in OASYS is specifically designed to provide students with access to their personalized user dashboard. Unlike standard logins, which may connect users directly to specific tests, a student login directs the student to a dashboard where they can access all their available and active tests.</p>	<p>Ein Schüler-Login in OASYS ist speziell dafür konzipiert, den Schülern Zugriff auf ihr personalisiertes Benutzer-Dashboard zu ermöglichen. Im Gegensatz zu Standard-Logins, die Benutzer direkt mit bestimmten Tests verbinden können, führt ein Schüler-Login den Schüler zu einem Dashboard, auf dem er Zugriff auf alle verfügbaren und aktiven Tests hat.</p>
<p>When logging in as a student, there are three available authentication methods:</p><ul><li><strong>Direct Password</strong>: A password is set here within the OASYS system. Students will use this password to log in directly.</li><li><strong>SAML</strong>: This method uses SAML (Security Assertion Markup Language) authentication. It's typically used for single sign-on (SSO) across different systems. The student’s identity is authenticated by an external identity provider.</li><li><strong>LDAP</strong>: LDAP (Lightweight Directory Access Protocol) is used for authentication via an LDAP directory. This method allows students to log in using their LDAP credentials, which are usually managed by an organization's central directory.</li></ul><p>Please select the appropriate authentication method for your institution's needs.</p>	<p>Lors de la connexion en tant qu'élève, trois méthodes d'authentification sont disponibles :</p><ul><li><strong>Mot de passe direct</strong> : Un mot de passe est défini ici dans le système OASYS. Les élèves utiliseront ce mot de passe pour se connecter directement.</li><li><strong>SAML</strong> : Cette méthode utilise l'authentification SAML (Security Assertion Markup Language). Elle est généralement utilisée pour l'authentification unique (SSO) entre différents systèmes. L'identité de l'élève est authentifiée par un fournisseur d'identité externe.</li><li><strong>LDAP</strong> : LDAP (Lightweight Directory Access Protocol) est utilisé pour l'authentification via un annuaire LDAP. Cette méthode permet aux élèves de se connecter en utilisant leurs identifiants LDAP, qui sont généralement gérés par l'annuaire central d'une organisation.</li></ul><p>Veuillez sélectionner la méthode d'authentification appropriée pour les besoins de votre établissement.</p>	<p>When logging in as a student, there are three available authentication methods:</p><ul><li><strong>Direct Password</strong>: A password is set here within the OASYS system. Students will use this password to log in directly.</li><li><strong>SAML</strong>: This method uses SAML (Security Assertion Markup Language) authentication. It's typically used for single sign-on (SSO) across different systems. The student’s identity is authenticated by an external identity provider.</li><li><strong>LDAP</strong>: LDAP (Lightweight Directory Access Protocol) is used for authentication via an LDAP directory. This method allows students to log in using their LDAP credentials, which are usually managed by an organization's central directory.</li></ul><p>Please select the appropriate authentication method for your institution's needs.</p>	<p>Beim Einloggen als Schüler stehen drei Authentifizierungsmethoden zur Verfügung:</p><ul><li><strong>Direktes Passwort</strong>: Ein Passwort wird hier im OASYS-System festgelegt. Die Schüler verwenden dieses Passwort, um sich direkt einzuloggen.</li><li><strong>SAML</strong>: Diese Methode verwendet die SAML (Security Assertion Markup Language)-Authentifizierung. Sie wird typischerweise für Single Sign-On (SSO) über verschiedene Systeme hinweg verwendet. Die Identität des Schülers wird von einem externen Identitätsanbieter authentifiziert.</li><li><strong>LDAP</strong>: LDAP (Lightweight Directory Access Protocol) wird für die Authentifizierung über ein LDAP-Verzeichnis verwendet. Diese Methode ermöglicht es den Schülern, sich mit ihren LDAP-Zugangsdaten einzuloggen, die normalerweise vom zentralen Verzeichnis einer Organisation verwaltet werden.</li></ul><p>Bitte wählen Sie die für die Bedürfnisse Ihrer Institution geeignete Authentifizierungsmethode aus.</p>
Direct password	Mot de passe direct	Direct password	Direktes Passwort
Show locked objects in file managers:	Afficher les objets verrouillés dans les gestionnaires de fichiers :	Show locked objects in file managers:	Gesperrte Objekte in Dateimanagern anzeigen:
Order of editor blocks in interaction editors:	Ordre des blocs d'éditeur dans les éditeurs d'interaction :	Order of editor blocks in interaction editors:	Reihenfolge der Editor-Blöcke in Interaktionseditoren:
Skin to use for preview & default for new tests:	Skin à utiliser pour l'aperçu et par défaut pour les nouveaux tests :	Skin to use for preview & default for new tests:	Default Skin für die Vorschau und neu angelegte Tests:
The preview cannot be launched because the test structure is either empty or contains deleted pages or pools. Please review and update the structure.	L'aperçu ne peut pas être lancé car la structure du test est soit vide, soit contient des pages ou des pools supprimés. Veuillez vérifier et mettre à jour la structure.	The preview cannot be launched because the test structure is either empty or contains deleted pages or pools. Please review and update the structure.	Die Vorschau kann nicht gestartet werden, da die Teststruktur entweder leer ist oder gelöschte Seiten oder Pools enthält. Bitte überprüfen und aktualisieren Sie die Struktur.
Contains manual scoring items	Contient des éléments à évaluer manuellement	Contains manual scoring items	Enthält manuell zu bewertende Elemente
answers order	Ordre des réponses	answers order	Antwortreihenfolge
answer options	Options de réponse	answer options	Antwortoptionen
add distractor	ajouter un distracteur	add distractor	Distraktor hinzufügen
Field not defined in current language	Champ non défini dans la langue actuelle	Field not defined in current language	Feld in aktueller Sprache nicht definiert
The privacy note is enabled for this test, but no content has been provided or content for the active language(s) is missing!	L’avis de confidentialité est activé pour ce test, mais aucun contenu n’a été fourni ou le contenu pour la/les langue(s) active(s) est manquant !	The privacy note is enabled for this test, but no content has been provided or content for the active language(s) is missing!	Der Datenschutzhinweis ist für diesen Test aktiviert, aber es wurden keine Inhalte bereitgestellt oder Inhalte für die aktive(n) Sprache(n) fehlen!
This test contains duplicate test pages!	Ce test contient des pages de test en double !	This test contains duplicate test pages!	Dieser Test enthält doppelte Testseiten!
This test contains test blocks with duplicate test pages!	Ce test contient des blocs de test avec des pages de test en double !	This test contains test blocks with duplicate test pages!	Dieser Test enthält Testblöcke mit doppelten Testseiten!
Warning: The same test page has been added multiple times!	Avertissement : La même page de test a été ajoutée plusieurs fois !	Warning: The same test page has been added multiple times!	Warnung: Dieselbe Testseite wurde mehrfach hinzugefügt!
Error: The privacy note is enabled for this test, but no content has been provided or content for the active language(s) is missing!	Erreur : L’avis de confidentialité est activé pour ce test, mais aucun contenu n’a été fourni ou le contenu pour la/les langue(s) active(s) est manquant !	Error: The privacy note is enabled for this test, but no content has been provided or content for the active language(s) is missing!	Fehler: Der Datenschutzhinweis ist für diesen Test aktiviert, aber es wurden keine Inhalte bereitgestellt oder Inhalte für die aktive(n) Sprache(n) fehlen!
Warning: There are duplicate test pages in your test pools!	Avertissement : Il y a des pages de test en double dans vos pools de test !	Warning: There are duplicate test pages in your test pools!	Warnung: Es gibt doppelte Testseiten in Ihren Test-Pools!
Test pool	Pool de test	Test pool	Testpool
Occurrences	Occurrences	Occurrences	Vorkommen
<i>Field not defined in current language</i>	<i>Champ non défini dans la langue actuelle</i>	<i>Field not defined in current language</i>	<i>Feld in der aktuellen Sprache nicht definiert</i>
Delete all images?	Supprimer toutes les images ?	Delete all images?	Alle Bilder löschen?
Are you sure you want to delete all images of this page group? This action is irreversible!	Êtes-vous sûr de vouloir supprimer toutes les images de ce groupe de pages ? Cette action est irréversible !	Are you sure you want to delete all images of this page group? This action is irreversible!	Sind Sie sicher, dass Sie alle Bilder dieser Seitengruppe löschen möchten? Diese Aktion ist nicht rückgängig zu machen!
Delete all audio files?	Supprimer tous les fichiers audio ?	Delete all audio files?	Alle Audiodateien löschen?
Are you sure you want to delete all audio files of this page group? This action is irreversible!	Êtes-vous sûr de vouloir supprimer tous les fichiers audio de ce groupe de pages ? Cette action est irréversible !	Are you sure you want to delete all audio files of this page group? This action is irreversible!	Sind Sie sicher, dass Sie alle Audiodateien dieser Seitengruppe löschen möchten? Diese Aktion ist nicht rückgängig zu machen!
Delete all video files?	Supprimer toutes les vidéos ?	Delete all video files?	Alle Videodateien löschen?
Are you sure you want to delete all video files of this page group? This action is irreversible!	Êtes-vous sûr de vouloir supprimer toutes les vidéos de ce groupe de pages ? Cette action est irréversible !	Are you sure you want to delete all video files of this page group? This action is irreversible!	Sind Sie sicher, dass Sie alle Videodateien dieser Seitengruppe löschen möchten? Diese Aktion ist nicht rückgängig zu machen!
Error uploading file. File extension does not match the MIME type:	Erreur lors du téléchargement du fichier. L’extension du fichier ne correspond pas au type MIME :	Error uploading file. File extension does not match the MIME type:	Fehler beim Hochladen der Datei. Die Dateierweiterung stimmt nicht mit dem MIME-Typ überein:
Media Manager	Gestion médias	Media Manager	Media-Manager
Only one file can be uploaded at a time. Please try again.	Un seul fichier peut être téléchargé à la fois. Veuillez réessayer.	Only one file can be uploaded at a time. Please try again.	Es kann immer nur eine Datei gleichzeitig hochgeladen werden. Bitte versuchen Sie es erneut.
Image Library<span id=mediaHelp></span>	Bibliothèque d'images<span id=mediaHelp></span>	Image Library<span id=mediaHelp></span>	Bildbibliothek<span id=mediaHelp></span>
<p><strong>Image Upload Help</strong><br>You are in the media uploader for image interactions. Only single uploads are possible. You can still upload an audio or video file, but it will not be shown in the file manager for images.</p><table><tr><th><strong>Supported Image Formats</strong></th></tr><tr><td>- JPEG (.jpg, .jpeg)<br>- PNG (.png)<br>- GIF (.gif)<br>- SVG (.svg)<br>- WEBP (.webp)<br>- AVIF (.avif)</td></tr></table>	<p><strong>Aide au téléversement d'images</strong><br>Vous êtes dans le téléverseur de médias pour les interactions avec des images. Seuls les téléversements uniques sont possibles. Vous pouvez tout de même téléverser un fichier audio ou vidéo, mais il ne sera pas affiché dans le gestionnaire de fichiers pour les images.</p><table><tr><th><strong>Formats d'images pris en charge</strong></th></tr><tr><td>- JPEG (.jpg, .jpeg)<br>- PNG (.png)<br>- GIF (.gif)<br>- SVG (.svg)<br>- WEBP (.webp)<br>- AVIF (.avif)</td></tr></table>	<p><strong>Image Upload Help</strong><br>You are in the media uploader for image interactions. Only single uploads are possible. You can still upload an audio or video file, but it will not be shown in the file manager for images.</p><table><tr><th><strong>Supported Image Formats</strong></th></tr><tr><td>- JPEG (.jpg, .jpeg)<br>- PNG (.png)<br>- GIF (.gif)<br>- SVG (.svg)<br>- WEBP (.webp)<br>- AVIF (.avif)</td></tr></table>	<p><strong>Hilfe zum Hochladen von Bildern</strong><br>Sie befinden sich im Medien-Uploader für Bildinteraktionen. Es sind nur Einzeluploads möglich. Sie können trotzdem eine Audio- oder Videodatei hochladen, diese wird jedoch nicht im Dateimanager für Bilder angezeigt.</p><table><tr><th><strong>Unterstützte Bildformate</strong></th></tr><tr><td>- JPEG (.jpg, .jpeg)<br>- PNG (.png)<br>- GIF (.gif)<br>- SVG (.svg)<br>- WEBP (.webp)<br>- AVIF (.avif)</td></tr></table>
<p><strong>Audio Upload Help</strong><br>You are in the media uploader for audio interactions. Only single uploads are possible. You can still upload an image or video file, but it will not be shown in the file manager for audio files.</p><table><tr><th><strong>Supported Audio Formats</strong></th></tr><tr><td>- MP3 (.mp3)<br>- WAV (.wav)<br>- AAC (.aac)<br>- M4A (.m4a)<br>- WEBM (.webm)</td></tr></table>	<p><strong>Aide au téléversement audio</strong><br>Vous êtes dans le téléverseur de médias pour les interactions avec des fichiers audio. Seuls les téléversements uniques sont possibles. Vous pouvez tout de même téléverser un fichier image ou vidéo, mais il ne sera pas affiché dans le gestionnaire de fichiers pour les fichiers audio.</p><table><tr><th><strong>Formats audio pris en charge</strong></th></tr><tr><td>- MP3 (.mp3)<br>- WAV (.wav)<br>- AAC (.aac)<br>- M4A (.m4a)<br>- WEBM (.webm)</td></tr></table>	<p><strong>Audio Upload Help</strong><br>You are in the media uploader for audio interactions. Only single uploads are possible. You can still upload an image or video file, but it will not be shown in the file manager for audio files.</p><table><tr><th><strong>Supported Audio Formats</strong></th></tr><tr><td>- MP3 (.mp3)<br>- WAV (.wav)<br>- AAC (.aac)<br>- M4A (.m4a)<br>- WEBM (.webm)</td></tr></table>	<p><strong>Hilfe zum Hochladen von Audiodateien</strong><br>Sie befinden sich im Medien-Uploader für Audiointeraktionen. Es sind nur Einzeluploads möglich. Sie können trotzdem eine Bild- oder Videodatei hochladen, diese wird jedoch nicht im Dateimanager für Audiodateien angezeigt.</p><table><tr><th><strong>Unterstützte Audioformate</strong></th></tr><tr><td>- MP3 (.mp3)<br>- WAV (.wav)<br>- AAC (.aac)<br>- M4A (.m4a)<br>- WEBM (.webm)</td></tr></table>
<p><strong>Video Upload Help</strong><br>You are in the media uploader for video interactions. Only single uploads are possible. You can still upload an image or audio file, but it will not be shown in the file manager for video files.</p><table><tr><th><strong>Supported Video Formats</strong></th></tr><tr><td>- MP4 (.mp4)<br>- M4V (.m4v)<br>- WEBM (.webm)</td></tr></table>	<p><strong>Aide au téléversement vidéo</strong><br>Vous êtes dans le téléverseur de médias pour les interactions avec des vidéos. Seuls les téléversements uniques sont possibles. Vous pouvez tout de même téléverser un fichier image ou audio, mais il ne sera pas affiché dans le gestionnaire de fichiers pour les vidéos.</p><table><tr><th><strong>Formats vidéo pris en charge</strong></th></tr><tr><td>- MP4 (.mp4)<br>- M4V (.m4v)<br>- WEBM (.webm)</td></tr></table>	<p><strong>Video Upload Help</strong><br>You are in the media uploader for video interactions. Only single uploads are possible. You can still upload an image or audio file, but it will not be shown in the file manager for video files.</p><table><tr><th><strong>Supported Video Formats</strong></th></tr><tr><td>- MP4 (.mp4)<br>- M4V (.m4v)<br>- WEBM (.webm)</td></tr></table>	<p><strong>Hilfe zum Hochladen von Videodateien</strong><br>Sie befinden sich im Medien-Uploader für Videointeraktionen. Es sind nur Einzeluploads möglich. Sie können trotzdem eine Bild- oder Audiodatei hochladen, diese wird jedoch nicht im Dateimanager für Videodateien angezeigt.</p><table><tr><th><strong>Unterstützte Videoformate</strong></th></tr><tr><td>- MP4 (.mp4)<br>- M4V (.m4v)<br>- WEBM (.webm)</td></tr></table>
<p><strong>Media Upload Help</strong><br>This guide provides information on supported media formats. Please ensure your files match the following formats. You can upload multiple files at once in the main media manager. However, when using the media manager in interactions, only single file uploads are possible.</p><table><tr><th><strong>Images</strong></th><th><strong>Audio</strong></th><th><strong>Video</strong></th></tr><tr><td>- JPEG (.jpg, .jpeg)<br>- PNG (.png)<br>- GIF (.gif)<br>- SVG (.svg)<br>- WEBP (.webp)<br>- AVIF (.avif)</td><td>- MP3 (.mp3)<br>- WAV (.wav)<br>- AAC (.aac)<br>- M4A (.m4a)<br>- WEBM (.webm)</td><td>- MP4 (.mp4)<br>- M4V (.m4v)<br>- WEBM (.webm)</td></tr></table><p>If your file is not in one of these formats, please convert it before uploading.</p>	<p><strong>Aide au téléversement de médias</strong><br>Ce guide fournit des informations sur les formats de médias pris en charge. Veuillez vous assurer que vos fichiers correspondent aux formats suivants. Vous pouvez téléverser plusieurs fichiers à la fois dans le gestionnaire principal de médias. Cependant, lors de l'utilisation du gestionnaire de médias dans les interactions, seuls les téléversements uniques sont possibles.</p><table><tr><th><strong>Images</strong></th><th><strong>Audio</strong></th><th><strong>Vidéo</strong></th></tr><tr><td>- JPEG (.jpg, .jpeg)<br>- PNG (.png)<br>- GIF (.gif)<br>- SVG (.svg)<br>- WEBP (.webp)<br>- AVIF (.avif)</td><td>- MP3 (.mp3)<br>- WAV (.wav)<br>- AAC (.aac)<br>- M4A (.m4a)<br>- WEBM (.webm)</td><td>- MP4 (.mp4)<br>- M4V (.m4v)<br>- WEBM (.webm)</td></tr></table><p>Si votre fichier n'est pas dans l'un de ces formats, veuillez le convertir avant de le téléverser.</p>	<p><strong>Media Upload Help</strong><br>This guide provides information on supported media formats. Please ensure your files match the following formats. You can upload multiple files at once in the main media manager. However, when using the media manager in interactions, only single file uploads are possible.</p><table><tr><th><strong>Images</strong></th><th><strong>Audio</strong></th><th><strong>Video</strong></th></tr><tr><td>- JPEG (.jpg, .jpeg)<br>- PNG (.png)<br>- GIF (.gif)<br>- SVG (.svg)<br>- WEBP (.webp)<br>- AVIF (.avif)</td><td>- MP3 (.mp3)<br>- WAV (.wav)<br>- AAC (.aac)<br>- M4A (.m4a)<br>- WEBM (.webm)</td><td>- MP4 (.mp4)<br>- M4V (.m4v)<br>- WEBM (.webm)</td></tr></table><p>If your file is not in one of these formats, please convert it before uploading.</p>	<p><strong>Hilfe zum Hochladen von Medien</strong><br>Diese Anleitung bietet Informationen zu unterstützten Medienformaten. Bitte stellen Sie sicher, dass Ihre Dateien den folgenden Formaten entsprechen. Sie können mehrere Dateien gleichzeitig im Haupt-Medienmanager hochladen. Beim Verwenden des Medienmanagers in Interaktionen sind jedoch nur Einzeluploads möglich.</p><table><tr><th><strong>Bilder</strong></th><th><strong>Audio</strong></th><th><strong>Video</strong></th></tr><tr><td>- JPEG (.jpg, .jpeg)<br>- PNG (.png)<br>- GIF (.gif)<br>- SVG (.svg)<br>- WEBP (.webp)<br>- AVIF (.avif)</td><td>- MP3 (.mp3)<br>- WAV (.wav)<br>- AAC (.aac)<br>- M4A (.m4a)<br>- WEBM (.webm)</td><td>- MP4 (.mp4)<br>- M4V (.m4v)<br>- WEBM (.webm)</td></tr></table><p>Wenn Ihre Datei nicht in einem dieser Formate vorliegt, konvertieren Sie sie bitte vor dem Hochladen.</p>
<p><strong>Media Upload Help</strong><br>This guide provides information on supported media formats. Please ensure your files match the following formats. </p><table><tr><th><strong>Images</strong></th><th><strong>Audio</strong></th><th><strong>Video</strong></th></tr><tr><td>- JPEG (.jpg, .jpeg)<br>- PNG (.png)<br>- GIF (.gif)<br>- SVG (.svg)<br>- WEBP (.webp)<br>- AVIF (.avif)</td><td>- MP3 (.mp3)<br>- WAV (.wav)<br>- AAC (.aac)<br>- M4A (.m4a)<br>- WEBM (.webm)</td><td>- MP4 (.mp4)<br>- M4V (.m4v)<br>- WEBM (.webm)</td></tr></table><p>If your file is not in one of these formats, please convert it before uploading.</p>	<p><strong>Aide au téléversement de médias</strong><br>Ce guide fournit des informations sur les formats de médias pris en charge. Veuillez vous assurer que vos fichiers correspondent aux formats suivants.</p><table><tr><th><strong>Images</strong></th><th><strong>Audio</strong></th><th><strong>Vidéo</strong></th></tr><tr><td>- JPEG (.jpg, .jpeg)<br>- PNG (.png)<br>- GIF (.gif)<br>- SVG (.svg)<br>- WEBP (.webp)<br>- AVIF (.avif)</td><td>- MP3 (.mp3)<br>- WAV (.wav)<br>- AAC (.aac)<br>- M4A (.m4a)<br>- WEBM (.webm)</td><td>- MP4 (.mp4)<br>- M4V (.m4v)<br>- WEBM (.webm)</td></tr></table><p>Si votre fichier n'est pas dans l'un de ces formats, veuillez le convertir avant de le téléverser.</p>	<p><strong>Media Upload Help</strong><br>This guide provides information on supported media formats. Please ensure your files match the following formats. </p><table><tr><th><strong>Images</strong></th><th><strong>Audio</strong></th><th><strong>Video</strong></th></tr><tr><td>- JPEG (.jpg, .jpeg)<br>- PNG (.png)<br>- GIF (.gif)<br>- SVG (.svg)<br>- WEBP (.webp)<br>- AVIF (.avif)</td><td>- MP3 (.mp3)<br>- WAV (.wav)<br>- AAC (.aac)<br>- M4A (.m4a)<br>- WEBM (.webm)</td><td>- MP4 (.mp4)<br>- M4V (.m4v)<br>- WEBM (.webm)</td></tr></table><p>If your file is not in one of these formats, please convert it before uploading.</p>	<p><strong>Hilfe zum Hochladen von Medien</strong><br>Diese Anleitung bietet Informationen zu unterstützten Medienformaten. Bitte stellen Sie sicher, dass Ihre Dateien den folgenden Formaten entsprechen.</p><table><tr><th><strong>Bilder</strong></th><th><strong>Audio</strong></th><th><strong>Video</strong></th></tr><tr><td>- JPEG (.jpg, .jpeg)<br>- PNG (.png)<br>- GIF (.gif)<br>- SVG (.svg)<br>- WEBP (.webp)<br>- AVIF (.avif)</td><td>- MP3 (.mp3)<br>- WAV (.wav)<br>- AAC (.aac)<br>- M4A (.m4a)<br>- WEBM (.webm)</td><td>- MP4 (.mp4)<br>- M4V (.m4v)<br>- WEBM (.webm)</td></tr></table><p>Wenn Ihre Datei nicht in einem dieser Formate vorliegt, konvertieren Sie sie bitte vor dem Hochladen.</p>
Supported media types	Types de médias pris en charge	Supported media types	Unterstützte Medientypen
You are in an interaction that only allows uploading one media file at a time. Please go to the main media manager to bulk upload files.	Vous êtes dans une interaction qui ne permet de téléverser qu'un seul fichier multimédia à la fois. Veuillez accéder au gestionnaire principal de médias pour téléverser plusieurs fichiers à la fois.	You are in an interaction that only allows uploading one media file at a time. Please go to the main media manager to bulk upload files.	Sie befinden sich in einer Interaktion, die das Hochladen von nur einer Mediendatei gleichzeitig erlaubt. Bitte wechseln Sie zum Haupt-Medienmanager, um Dateien in größeren Mengen hochzuladen.
"The following file(s) could not be uploaded, as they do not match one of the accepted file formats. <span id=""invalidFiles"">What formats are accepted</span>"	"Les fichiers suivants n'ont pas pu être téléversés, car ils ne correspondent pas à l'un des formats de fichier acceptés. <span id=""invalidFiles"">Quels formats sont acceptés</span>"	"The following file(s) could not be uploaded, as they do not match one of the accepted file formats. <span id=""invalidFiles"">What formats are accepted</span>"	"Die folgenden Datei(en) konnten nicht hochgeladen werden, da sie nicht mit einem der akzeptierten Dateiformate übereinstimmen. <span id=""invalidFiles"">Welche Formate werden akzeptiert</span>"
The uploaded media file is of type	Le fichier multimédia téléversé est de type 	The uploaded media file is of type	Die hochgeladene Mediendatei ist vom Typ
but your current media browser view is set to	mais votre vue actuelle du navigateur multimédia est définie sur	but your current media browser view is set to	aber Ihre aktuelle Medienbrowser-Ansicht ist eingestellt auf
Please switch to a corresponding interaction or the main media manager to see the uploaded file.	Veuillez passer à une interaction correspondante ou au gestionnaire de médias principal pour voir le fichier téléchargé.	Please switch to a corresponding interaction or the main media manager to see the uploaded file.	Bitte wechseln Sie zu einer entsprechenden Interaktion oder zum Haupt-Medienmanager, um die hochgeladene Datei zu sehen.
Audio Library<span id=mediaHelp></span>	Bibliothèque audio<span id=mediaHelp></span>	Audio Library<span id=mediaHelp></span>	Audio-Bibliothek<span id=mediaHelp></span>
Video Library<span id=mediaHelp></span>	Bibliothèque vidéo<span id=mediaHelp></span>	Video Library<span id=mediaHelp></span>	Video-Bibliothek<span id=mediaHelp></span>
Media Library<span id=mediaHelp></span>	Bibliothèque de médias<span id=mediaHelp></span>	Media Library<span id=mediaHelp></span>	Medienbibliothek<span id=mediaHelp></span>
<p>A test taker template in OASYS is a reusable login that can be connected to one or more passwords and linked to one or more tests. Each time a user logs in with a template, OASYS automatically clones this template in the background to create a standard login. These cloned logins are displayed in the test taker manager, allowing for easy tracking and management.</p><p>This functionality enables the ability to track results from questionnaires and tests efficiently in the results manager, as each login instance is uniquely identified and recorded.</p>	<p>Un modèle de participant au test dans OASYS est une connexion réutilisable qui peut être associée à un ou plusieurs mots de passe et liée à un ou plusieurs tests. Chaque fois qu'un utilisateur se connecte avec un modèle, OASYS clone automatiquement ce modèle en arrière-plan pour créer une connexion standard. Ces connexions clonées sont affichées dans le gestionnaire de participants au test, permettant un suivi et une gestion faciles.</p><p>Cette fonctionnalité permet de suivre efficacement les résultats des questionnaires et des tests dans le gestionnaire de résultats, car chaque instance de connexion est identifiée et enregistrée de manière unique.</p>	<p>A test taker template in OASYS is a reusable login that can be connected to one or more passwords and linked to one or more tests. Each time a user logs in with a template, OASYS automatically clones this template in the background to create a standard login. These cloned logins are displayed in the test taker manager, allowing for easy tracking and management.</p><p>This functionality enables the ability to track results from questionnaires and tests efficiently in the results manager, as each login instance is uniquely identified and recorded.</p>	<p>Ein Testteilnehmer-Template in OASYS ist ein wiederverwendbares Login, das mit einem oder mehreren Passwörtern und Tests verknüpft werden kann. Jedes Mal, wenn ein Benutzer sich mit einem Template anmeldet, klont OASYS dieses Template im Hintergrund, um ein Standard-Login zu erstellen. Diese geklonten Logins werden im Testteilnehmer-Manager angezeigt, was eine einfache Nachverfolgung und Verwaltung ermöglicht.</p><p>Diese Funktionalität ermöglicht eine effiziente Nachverfolgung der Ergebnisse von Fragebögen und Tests im Ergebnismanager, da jede Login-Instanz eindeutig identifiziert und aufgezeichnet wird.</p>
<p>A standard login in OASYS is designed to connect users directly to specific tests. This type of login can have one or more passwords, each of which is linked to one or more tests. When a user logs in with a standard login, they are immediately connected to the tests associated with their credentials.</p><p>This setup is ideal for situations where users need direct access to specific tests without additional navigation.</p>	<p>Une connexion standard dans OASYS est conçue pour connecter les utilisateurs directement à des tests spécifiques. Ce type de connexion peut avoir un ou plusieurs mots de passe, chacun étant lié à un ou plusieurs tests. Lorsqu'un utilisateur se connecte avec une connexion standard, il est immédiatement relié aux tests associés à ses identifiants.</p><p>Cette configuration est idéale pour les situations où les utilisateurs ont besoin d'un accès direct à des tests spécifiques sans navigation supplémentaire.</p>	<p>A standard login in OASYS is designed to connect users directly to specific tests. This type of login can have one or more passwords, each of which is linked to one or more tests. When a user logs in with a standard login, they are immediately connected to the tests associated with their credentials.</p><p>This setup is ideal for situations where users need direct access to specific tests without additional navigation.</p>	<p>Ein Standard-Login in OASYS ist so gestaltet, dass Benutzer direkt mit bestimmten Tests verbunden werden. Dieser Login-Typ kann ein oder mehrere Passwörter haben, von denen jedes mit einem oder mehreren Tests verknüpft ist. Wenn sich ein Benutzer mit einem Standard-Login anmeldet, wird er sofort mit den Tests verbunden, die mit seinen Anmeldedaten verknüpft sind.</p><p>Diese Einrichtung ist ideal für Situationen, in denen Benutzer direkten Zugriff auf bestimmte Tests benötigen, ohne zusätzliche Navigation.</p>
"Are you sure you want to reset <strong>all</strong> results of the label ""%@""? This action is irreversible!"	Êtes-vous sûr de vouloir réinitialiser <strong>tous</strong> les résultats du label « %@ » ? Cette action est irréversible !	"Are you sure you want to reset <strong>all</strong> results of the label ""%@""? This action is irreversible!"	Sind Sie sicher, dass Sie <strong>alle</strong> Ergebnisse des Labels „%@“ zurücksetzen möchten? Diese Aktion kann nicht rückgängig gemacht werden!
Results have already been recorded for this test. You can add or remove assigned linear tests in a mutation test without affecting existing results. However, ensure that the linear tests themselves are not modified, as this might impact result accessibility.	Des résultats ont déjà été enregistrés pour ce test. Vous pouvez ajouter ou supprimer des tests linéaires assignés dans le cadre d’un test de mutation sans affecter les résultats existants. Cependant, assurez-vous que les tests linéaires eux-mêmes ne soient pas modifiés, car cela pourrait avoir un impact sur l’accessibilité des résultats.	Results have already been recorded for this test. You can add or remove assigned linear tests in a mutation test without affecting existing results. However, ensure that the linear tests themselves are not modified, as this might impact result accessibility.	Für diesen Test wurden bereits Ergebnisse aufgezeichnet. Sie können im Rahmen eines Mutationstests zugewiesene lineare Tests hinzufügen oder entfernen, ohne die bestehenden Ergebnisse zu beeinflussen. Stellen Sie jedoch sicher, dass die linearen Tests selbst nicht geändert werden, da dies die Zugänglichkeit der Ergebnisse beeinträchtigen könnte.
The CSV-file for importing student logins (direct password, SAML or LDAP) and their labels & assigned tests into the database needs the following format:	Le fichier CSV pour importer les identifiants des élèves (mot de passe direct, SAML ou LDAP) ainsi que leurs libellés et tests assignés dans la base de données doit respecter le format suivant :	The CSV-file for importing student logins (direct password, SAML or LDAP) and their labels & assigned tests into the database needs the following format:	Die CSV-Datei zum Importieren von Schüler-Logins (direktes Passwort, SAML oder LDAP) und deren Labels & zugewiesenen Tests in die Datenbank benötigt folgendes Format:
the first line contains the key names: testtaker, authentication, password, label, tag, test-id, subfolder and displayname	la première ligne contient les noms des clés : testtaker, authentication, password, label, tag, test-id, subfolder et displayname	the first line contains the key names: testtaker, authentication, password, label, tag, test-id, subfolder and displayname	die erste Zeile enthält die Schlüsselbezeichnungen: testtaker, authentication, password, label, tag, test-id, subfolder und displayname
"the password field is required only when the authentication method is set to ""direct."" If left blank, the system will generate a password for direct login."	"le champ du mot de passe est requis uniquement lorsque la méthode d'authentification est définie sur ""direct"". S'il est laissé vide, le système générera un mot de passe pour la connexion directe."	"the password field is required only when the authentication method is set to ""direct."" If left blank, the system will generate a password for direct login."	"das Passwortfeld ist nur erforderlich, wenn die Authentifizierungsmethode auf ""direct"" gesetzt ist. Wenn es leer bleibt, generiert das System ein Passwort für die direkte Anmeldung."
a data line must have the name of the test taker, authentification type, a password (for authentification direct password), a label to be shown in the dashboard for the student login, the tag of the label and the ID(s) of the assigned test(s) for this label. The IDs of the tests can be found at the top of the properties box in the test manager	une ligne de données doit contenir le nom de l'élève, le type d'authentification, un mot de passe (pour l'authentification avec mot de passe direct), un libellé à afficher sur le tableau de bord pour l'identifiant de l'élève, le tag du libellé et l'ID ou les ID des tests assignés pour ce libellé. Les ID des tests se trouvent en haut de la boîte des propriétés dans le gestionnaire de tests	a data line must have the name of the test taker, authentification type, a password (for authentification direct password), a label to be shown in the dashboard for the student login, the tag of the label and the ID(s) of the assigned test(s) for this label. The IDs of the tests can be found at the top of the properties box in the test manager	eine Datenzeile muss den Namen des Testteilnehmers, den Authentifizierungstyp, ein Passwort (für die Authentifizierung mit direktem Passwort), ein Label, das im Dashboard für das Schüler-Login angezeigt wird, das Tag des Labels und die ID(s) der zugewiesenen Tests für dieses Label enthalten. Die IDs der Tests können oben in der Eigenschaftenbox im Testmanager gefunden werden
to assign more than one test to a label, use \ as separator	pour assigner plusieurs tests à un libellé, utilisez \ comme séparateur	to assign more than one test to a label, use \ as separator	um mehr als einen Test einem Label zuzuweisen, verwenden Sie \ als Trennzeichen
The CSV-file for importing standard logins and their passwords & assigned tests into the database needs the following format:	Le fichier CSV pour importer des identifiants standards et leurs mots de passe ainsi que les tests assignés dans la base de données doit respecter le format suivant :	The CSV-file for importing standard logins and their passwords & assigned tests into the database needs the following format:	Die CSV-Datei zum Importieren von Standard-Logins und deren Passwörtern & zugewiesenen Tests in die Datenbank benötigt folgendes Format:
the first line contains the key names: testtaker, password, tag, test-id, subfolder and displayname	la première ligne contient les noms des clés : testtaker, password, tag, test-id, subfolder et displayname	the first line contains the key names: testtaker, password, tag, test-id, subfolder and displayname	die erste Zeile enthält die Schlüsselbezeichnungen: testtaker, password, tag, test-id, subfolder und displayname
"field separators can be "","" or "";"""	"les séparateurs de champs peuvent être "","" ou "";"""	"field separators can be "","" or "";"""	"Feldtrennzeichen können "","" oder "";"" sein"
a data line must have the name of the test taker, a password, the tag of the password and the ID(s) of the assigned test(s) for the password. The IDs of the tests can be found at the top of the properties box in the test manager	une ligne de données doit contenir le nom de l'élève, un mot de passe, le tag du mot de passe et l'ID ou les ID des tests assignés pour le mot de passe. Les ID des tests se trouvent en haut de la boîte des propriétés dans le gestionnaire de tests	a data line must have the name of the test taker, a password, the tag of the password and the ID(s) of the assigned test(s) for the password. The IDs of the tests can be found at the top of the properties box in the test manager	eine Datenzeile muss den Namen des Testteilnehmers, ein Passwort, das Tag des Passworts und die ID(s) der zugewiesenen Tests für das Passwort enthalten. Die IDs der Tests können oben in der Eigenschaftenbox im Testmanager gefunden werden
to assign more than one test to a password, use \ as separator	pour assigner plusieurs tests à un mot de passe, utilisez \ comme séparateur	to assign more than one test to a password, use \ as separator	um mehr als einen Test einem Passwort zuzuweisen, verwenden Sie \ als Trennzeichen
in the field subfolder you can specify a subfolder or subfolder path (\ as separator). Your defined path will be created in your current folder.	dans le champ subfolder, vous pouvez spécifier un sous-dossier ou un chemin de sous-dossier (\ comme séparateur). Votre chemin défini sera créé dans votre dossier actuel.	in the field subfolder you can specify a subfolder or subfolder path (\ as separator). Your defined path will be created in your current folder.	im Feld subfolder können Sie einen Unterordner oder einen Unterordnerpfad (\ als Trennzeichen) angeben. Der definierte Pfad wird in Ihrem aktuellen Ordner erstellt.
you can enter the name of the test taker in the column displayname (optional)	vous pouvez entrer le nom de l'élève dans la colonne displayname (optionnel)	you can enter the name of the test taker in the column displayname (optional)	Sie können den Namen des Testteilnehmers in der Spalte displayname eingeben (optional)
you can specify meta tags (optional) for the test takers (meta keys & meta values). Make sure you modify the first line accordingly.	vous pouvez spécifier des métadonnées (optionnelles) pour les élèves (clés et valeurs des métadonnées). Assurez-vous de modifier la première ligne en conséquence.	you can specify meta tags (optional) for the test takers (meta keys & meta values). Make sure you modify the first line accordingly.	Sie können Meta-Tags (optional) für die Testteilnehmer angeben (Meta-Schlüssel & Meta-Werte). Stellen Sie sicher, dass Sie die erste Zeile entsprechend anpassen.
finished	clôturé	finished	beendet
active	actif	active	aktiv
lost connection	connexion perdue	lost connection	Verbindung verloren
aborted	abandonné	aborted	abgebrochen
ignore navigation constraints	ignorer les contraintes de navigation	ignore navigation constraints	Navigationsbeschränkungen ignorieren
date	datum	date	Datum
Edit score screen	Écran de score	Edit score screen	Score-Bildschirm
Customize the score screen displayed after a test using the WYSIWYG editor. Add variables & navigation button using the custom icons in the toolbar.	Personnalisez l'écran de score affiché après un test à l'aide de l'éditeur WYSIWYG. Ajoutez des variables et des boutons de navigation en utilisant les icônes personnalisées de la barre d'outils.	Customize the score screen displayed after a test using the WYSIWYG editor. Add variables & navigation button using the custom icons in the toolbar.	Passen Sie den nach einem Test angezeigten Ergebnisbildschirm mithilfe des WYSIWYG-Editors an. Fügen Sie Variablen und Navigationsschaltflächen mithilfe der benutzerdefinierten Symbole in der Symbolleiste hinzu.
Click to enter Plot Subtitle	Cliquez pour entrer le sous-titre du graphique	Click to enter Plot Subtitle	Klicken Sie hier, um den Untertitel des Diagramms einzugeben
Show navigation buttons	Afficher les boutons de navigation	Show navigation buttons	Navigationsbuttons anzeigen
Show simple navigation	Afficher la navigation simple	Show simple navigation	Einfache Navigation anzeigen
Show timer	Afficher le minuteur	Show timer	Timer anzeigen
Show page labels	Afficher les étiquettes de page	Show page labels	Seitenlabels anzeigen
character limit	limite de caractères	character limit	Zeichenbegrenzung
Download time spent	Télécharger le temps passé	Download time spent	Verbrachte Zeit herunterladen
Some of the selected media files could not be deleted because they are still in use.	Certains des fichiers multimédias sélectionnés n'ont pas pu être supprimés car ils sont encore utilisés.	Some of the selected media files could not be deleted because they are still in use.	Einige der ausgewählten Mediendateien konnten nicht gelöscht werden, da sie noch verwendet werden.
The selected media file could not be deleted because it is still in use.	Le fichier multimédia sélectionné n'a pas pu être supprimé car il est encore utilisé.	The selected media file could not be deleted because it is still in use.	Die ausgewählte Mediendatei konnte nicht gelöscht werden, da sie noch verwendet wird.
Wait for media to load	Attendre le chargement des médias	Wait for media to load	Warten, bis Medien geladen sind
Session expiring soon	Session expirant bientôt	Session expiring soon	Sitzung läuft bald ab
Your session is about to time out. Are you still there?	Votre session est sur le point d'expirer. Êtes-vous toujours là ?	Your session is about to time out. Are you still there?	Ihre Sitzung steht kurz vor dem Timeout. Sind Sie noch da?
Your session has timed out. Please log in again.	Votre session a expiré. Veuillez vous reconnecter.	Your session has timed out. Please log in again.	Ihre Sitzung ist abgelaufen. Bitte melden Sie sich erneut an.
Session expired	Session expirée	Session expired	Sitzung abgelaufen
Mark this test as finished, and deny any further activity on it?	Marquer ce test comme terminé et refuser toute activité ultérieure ?	Mark this test as finished, and deny any further activity on it?	Diesen Test als abgeschlossen markieren und weitere Aktivitäten darauf verweigern?
<p>How many minutes should be added to the time left?<br>(use negative values to reduce the time left)</p>	<p>Combien de minutes doivent être ajoutées au temps restant ?<br>(utilisez des valeurs négatives pour réduire le temps restant)</p>	<p>How many minutes should be added to the time left?<br>(use negative values to reduce the time left)</p>	<p>Wie viele Minuten sollen der verbleibenden Zeit hinzugefügt werden?<br>(verwenden Sie negative Werte, um die verbleibende Zeit zu reduzieren)</p>
Add time left	Ajouter du temps restant	Add time left	Zeit hinzufügen
add time	ajouter du temps	add time	Zeit hinzufügen
close test	fermer le test	close test	Test schließen
reset activity	réinitialiser l'activité	reset activity	aktivität zurücksetzen
Reset activity	Resetter l'activité	Reset activity	Aktivität zurücksetzen
Reopen this test for further activity?	Rouvrir ce test pour une activité ultérieure ?	Reopen this test for further activity?	Diesen Test für weitere Aktivitäten wieder öffnen?
Reopen test	Rouvrir le test	Reopen test	Test wieder öffnen
time limit	limite de temps	time limit	Zeitlimit
reopen test	rouvrir le test	reopen test	Test wieder öffnen
Delete all activity including answers?	Supprimer toute l'activité, y compris les réponses ?	Delete all activity including answers?	Löschen Sie alle Aktivitäten einschließlich Antworten?
Review Translations	Revoir les traductions	Review Translations	Übersetzungen überprüfen
Translation Review Interface	Interface de révision des traductions	Translation Review Interface	Übersetzungsüberprüfungsoberfläche
Preview width	largeur de prévisualisation	Preview width	Vorschau-Breite
Enter new Chart Subtitle label	Entrez le nouveau label de sous-titre du graphique	Enter new Chart Subtitle label	Geben Sie das neue Diagramm-Untertitel-Label ein
Update Chart Subtitle	Mise à jour du sous-titre du graphique	Update Chart Subtitle	Diagramm-Untertitel aktualisieren
<b>Beware: </b>Import starts at the first line and <em>overwrites</em> any already existing labels.	<b>Attention : </b>L'importation commence à la première ligne et <em>écrase</em> tous les libellés déjà existants.	<b>Beware: </b>Import starts at the first line and <em>overwrites</em> any already existing labels.	<b>Achtung: </b>Der Import beginnt in der ersten Zeile und <em>überschreibt</em> alle bereits vorhandenen Labels.
archived	archivé	archived	archiviert
Archived	Archivé	Archived	Archiviert
Please wait …	Veuillez patienter …	Please wait …	Bitte warten …
"<p><strong>The following files could not be uploaded because their names contain a &lt;...&gt; segment:</strong></p>"	"<p><strong>Les fichiers suivants n’ont pas pu être téléchargés, car leurs noms contiennent un segment &lt;...&gt; :</strong></p>"	"<p><strong>The following files could not be uploaded because their names contain a &lt;...&gt; segment:</strong></p>"	"<p><strong>Die folgenden Dateien konnten nicht hochgeladen werden, da ihre Namen ein &lt;...&gt;-Segment enthalten:</strong></p>"
sanitize input	assainir l'entrée	sanitize input	Eingabe bereinigen